arm,seed,instance,lb,sample_idx,lower,upper
base,10,int__tai20_15_05,1339,0,1463.0,1668.0
base,10,int__tai20_15_05,1339,1,1527.0,1755.0
base,10,int__tai20_15_05,1339,2,1608.0,1829.0
base,10,int__tai20_15_05,1339,3,1530.0,1709.0
base,10,int__tai20_15_05,1339,4,1465.0,1688.0
base,10,int__tai20_15_05,1339,5,1531.0,1727.0
base,10,int__tai20_15_05,1339,6,1616.0,1787.0
base,10,int__tai20_15_05,1339,7,1512.0,1721.0
base,10,int__tai20_15_05,1339,8,1464.0,1683.0
base,10,int__tai20_15_05,1339,9,1437.0,1671.0
base,10,int__tai20_15_05,1339,10,1567.0,1780.0
base,10,int__tai20_15_05,1339,11,1525.0,1736.0
base,10,int__tai20_15_05,1339,12,1469.0,1665.0
base,10,int__tai20_15_05,1339,13,1530.0,1768.0
base,10,int__tai20_15_05,1339,14,1539.0,1714.0
base,10,int__tai20_15_05,1339,15,1516.0,1757.0
base,10,int__tai20_15_05,1339,16,1463.0,1650.0
base,10,int__tai20_15_05,1339,17,1554.0,1742.0
base,10,int__tai20_15_05,1339,18,1486.0,1723.0
base,10,int__tai20_15_05,1339,19,1554.0,1766.0
base,10,int__tai20_15_05,1339,20,1491.0,1726.0
base,10,int__tai20_15_05,1339,21,1489.0,1705.0
base,10,int__tai20_15_05,1339,22,1504.0,1718.0
base,10,int__tai20_15_05,1339,23,1512.0,1706.0
base,10,int__tai20_15_05,1339,24,1501.0,1707.0
base,10,int__tai20_15_05,1339,25,1590.0,1778.0
base,10,int__tai20_15_05,1339,26,1537.0,1778.0
base,10,int__tai20_15_05,1339,27,1491.0,1677.0
base,10,int__tai20_15_05,1339,28,1522.0,1710.0
base,10,int__tai20_15_05,1339,29,1538.0,1744.0
base,10,int__tai20_15_05,1339,30,1578.0,1829.0
base,10,int__tai20_15_05,1339,31,1533.0,1716.0
base,10,int__tai20_15_05,1339,32,1504.0,1716.0
base,10,int__tai20_15_05,1339,33,1597.0,1790.0
base,10,int__tai20_15_05,1339,34,1569.0,1817.0
base,10,int__tai20_15_05,1339,35,1537.0,1773.0
base,10,int__tai20_15_05,1339,36,1621.0,1852.0
base,10,int__tai20_15_05,1339,37,1537.0,1740.0
base,10,int__tai20_15_05,1339,38,1549.0,1761.0
base,10,int__tai20_15_05,1339,39,1531.0,1717.0
base,10,int__tai20_15_05,1339,40,1536.0,1758.0
base,10,int__tai20_15_05,1339,41,1556.0,1775.0
base,10,int__tai20_15_05,1339,42,1488.0,1665.0
base,10,int__tai20_15_05,1339,43,1485.0,1680.0
base,10,int__tai20_15_05,1339,44,1498.0,1720.0
base,10,int__tai20_15_05,1339,45,1604.0,1790.0
base,10,int__tai20_15_05,1339,46,1584.0,1830.0
base,10,int__tai20_15_05,1339,47,1523.0,1720.0
base,10,int__tai20_15_05,1339,48,1502.0,1729.0
base,10,int__tai20_15_05,1339,49,1509.0,1726.0
base,10,int__tai20_15_05,1339,50,1547.0,1741.0
base,10,int__tai20_15_05,1339,51,1510.0,1708.0
base,10,int__tai20_15_05,1339,52,1531.0,1752.0
base,10,int__tai20_15_05,1339,53,1467.0,1671.0
base,10,int__tai20_15_05,1339,54,1564.0,1783.0
base,10,int__tai20_15_05,1339,55,1577.0,1758.0
base,10,int__tai20_15_05,1339,56,1504.0,1704.0
base,10,int__tai20_15_05,1339,57,1534.0,1734.0
base,10,int__tai20_15_05,1339,58,1502.0,1708.0
base,10,int__tai20_15_05,1339,59,1560.0,1777.0
base,10,int__tai20_15_05,1339,60,1571.0,1779.0
base,10,int__tai20_15_05,1339,61,1536.0,1748.0
base,10,int__tai20_15_05,1339,62,1514.0,1761.0
base,10,int__tai20_15_05,1339,63,1495.0,1700.0
base,10,int__tai20_15_06,1360,0,1497.0,1742.0
base,10,int__tai20_15_06,1360,1,1469.0,1699.0
base,10,int__tai20_15_06,1360,2,1455.0,1708.0
base,10,int__tai20_15_06,1360,3,1564.0,1808.0
base,10,int__tai20_15_06,1360,4,1487.0,1726.0
base,10,int__tai20_15_06,1360,5,1512.0,1775.0
base,10,int__tai20_15_06,1360,6,1520.0,1768.0
base,10,int__tai20_15_06,1360,7,1595.0,1807.0
base,10,int__tai20_15_06,1360,8,1507.0,1745.0
base,10,int__tai20_15_06,1360,9,1546.0,1802.0
base,10,int__tai20_15_06,1360,10,1593.0,1838.0
base,10,int__tai20_15_06,1360,11,1502.0,1714.0
base,10,int__tai20_15_06,1360,12,1461.0,1705.0
base,10,int__tai20_15_06,1360,13,1435.0,1660.0
base,10,int__tai20_15_06,1360,14,1580.0,1805.0
base,10,int__tai20_15_06,1360,15,1542.0,1814.0
base,10,int__tai20_15_06,1360,16,1493.0,1728.0
base,10,int__tai20_15_06,1360,17,1461.0,1695.0
base,10,int__tai20_15_06,1360,18,1483.0,1749.0
base,10,int__tai20_15_06,1360,19,1502.0,1724.0
base,10,int__tai20_15_06,1360,20,1495.0,1713.0
base,10,int__tai20_15_06,1360,21,1485.0,1740.0
base,10,int__tai20_15_06,1360,22,1520.0,1735.0
base,10,int__tai20_15_06,1360,23,1488.0,1715.0
base,10,int__tai20_15_06,1360,24,1511.0,1743.0
base,10,int__tai20_15_06,1360,25,1586.0,1824.0
base,10,int__tai20_15_06,1360,26,1577.0,1834.0
base,10,int__tai20_15_06,1360,27,1438.0,1661.0
base,10,int__tai20_15_06,1360,28,1432.0,1672.0
base,10,int__tai20_15_06,1360,29,1517.0,1765.0
base,10,int__tai20_15_06,1360,30,1502.0,1736.0
base,10,int__tai20_15_06,1360,31,1503.0,1731.0
base,10,int__tai20_15_06,1360,32,1534.0,1791.0
base,10,int__tai20_15_06,1360,33,1550.0,1801.0
base,10,int__tai20_15_06,1360,34,1503.0,1761.0
base,10,int__tai20_15_06,1360,35,1473.0,1716.0
base,10,int__tai20_15_06,1360,36,1496.0,1728.0
base,10,int__tai20_15_06,1360,37,1527.0,1760.0
base,10,int__tai20_15_06,1360,38,1477.0,1709.0
base,10,int__tai20_15_06,1360,39,1488.0,1712.0
base,10,int__tai20_15_06,1360,40,1507.0,1739.0
base,10,int__tai20_15_06,1360,41,1494.0,1711.0
base,10,int__tai20_15_06,1360,42,1484.0,1725.0
base,10,int__tai20_15_06,1360,43,1504.0,1739.0
base,10,int__tai20_15_06,1360,44,1478.0,1696.0
base,10,int__tai20_15_06,1360,45,1515.0,1759.0
base,10,int__tai20_15_06,1360,46,1464.0,1706.0
base,10,int__tai20_15_06,1360,47,1483.0,1695.0
base,10,int__tai20_15_06,1360,48,1481.0,1728.0
base,10,int__tai20_15_06,1360,49,1550.0,1807.0
base,10,int__tai20_15_06,1360,50,1503.0,1747.0
base,10,int__tai20_15_06,1360,51,1528.0,1763.0
base,10,int__tai20_15_06,1360,52,1572.0,1818.0
base,10,int__tai20_15_06,1360,53,1561.0,1806.0
base,10,int__tai20_15_06,1360,54,1515.0,1775.0
base,10,int__tai20_15_06,1360,55,1525.0,1737.0
base,10,int__tai20_15_06,1360,56,1446.0,1713.0
base,10,int__tai20_15_06,1360,57,1486.0,1773.0
base,10,int__tai20_15_06,1360,58,1555.0,1824.0
base,10,int__tai20_15_06,1360,59,1458.0,1681.0
base,10,int__tai20_15_06,1360,60,1492.0,1737.0
base,10,int__tai20_15_06,1360,61,1509.0,1723.0
base,10,int__tai20_15_06,1360,62,1465.0,1704.0
base,10,int__tai20_15_06,1360,63,1502.0,1745.0
base,10,int__tai20_15_07,1462,0,1615.0,1861.0
base,10,int__tai20_15_07,1462,1,1626.0,1894.0
base,10,int__tai20_15_07,1462,2,1647.0,1883.0
base,10,int__tai20_15_07,1462,3,1656.0,1897.0
base,10,int__tai20_15_07,1462,4,1696.0,1958.0
base,10,int__tai20_15_07,1462,5,1629.0,1904.0
base,10,int__tai20_15_07,1462,6,1632.0,1859.0
base,10,int__tai20_15_07,1462,7,1704.0,1951.0
base,10,int__tai20_15_07,1462,8,1734.0,2016.0
base,10,int__tai20_15_07,1462,9,1635.0,1866.0
base,10,int__tai20_15_07,1462,10,1663.0,1909.0
base,10,int__tai20_15_07,1462,11,1530.0,1809.0
base,10,int__tai20_15_07,1462,12,1639.0,1881.0
base,10,int__tai20_15_07,1462,13,1598.0,1819.0
base,10,int__tai20_15_07,1462,14,1676.0,1945.0
base,10,int__tai20_15_07,1462,15,1663.0,1903.0
base,10,int__tai20_15_07,1462,16,1602.0,1824.0
base,10,int__tai20_15_07,1462,17,1527.0,1775.0
base,10,int__tai20_15_07,1462,18,1618.0,1883.0
base,10,int__tai20_15_07,1462,19,1643.0,1910.0
base,10,int__tai20_15_07,1462,20,1617.0,1829.0
base,10,int__tai20_15_07,1462,21,1656.0,1892.0
base,10,int__tai20_15_07,1462,22,1672.0,1890.0
base,10,int__tai20_15_07,1462,23,1676.0,1907.0
base,10,int__tai20_15_07,1462,24,1599.0,1839.0
base,10,int__tai20_15_07,1462,25,1637.0,1868.0
base,10,int__tai20_15_07,1462,26,1581.0,1801.0
base,10,int__tai20_15_07,1462,27,1562.0,1833.0
base,10,int__tai20_15_07,1462,28,1635.0,1896.0
base,10,int__tai20_15_07,1462,29,1629.0,1868.0
base,10,int__tai20_15_07,1462,30,1679.0,1943.0
base,10,int__tai20_15_07,1462,31,1632.0,1879.0
base,10,int__tai20_15_07,1462,32,1637.0,1911.0
base,10,int__tai20_15_07,1462,33,1727.0,1964.0
base,10,int__tai20_15_07,1462,34,1636.0,1867.0
base,10,int__tai20_15_07,1462,35,1636.0,1875.0
base,10,int__tai20_15_07,1462,36,1668.0,1906.0
base,10,int__tai20_15_07,1462,37,1710.0,1958.0
base,10,int__tai20_15_07,1462,38,1594.0,1837.0
base,10,int__tai20_15_07,1462,39,1661.0,1922.0
base,10,int__tai20_15_07,1462,40,1639.0,1890.0
base,10,int__tai20_15_07,1462,41,1634.0,1863.0
base,10,int__tai20_15_07,1462,42,1670.0,1907.0
base,10,int__tai20_15_07,1462,43,1727.0,1970.0
base,10,int__tai20_15_07,1462,44,1642.0,1928.0
base,10,int__tai20_15_07,1462,45,1695.0,1945.0
base,10,int__tai20_15_07,1462,46,1713.0,1961.0
base,10,int__tai20_15_07,1462,47,1643.0,1873.0
base,10,int__tai20_15_07,1462,48,1622.0,1880.0
base,10,int__tai20_15_07,1462,49,1633.0,1905.0
base,10,int__tai20_15_07,1462,50,1599.0,1843.0
base,10,int__tai20_15_07,1462,51,1690.0,1954.0
base,10,int__tai20_15_07,1462,52,1599.0,1845.0
base,10,int__tai20_15_07,1462,53,1589.0,1809.0
base,10,int__tai20_15_07,1462,54,1594.0,1842.0
base,10,int__tai20_15_07,1462,55,1646.0,1896.0
base,10,int__tai20_15_07,1462,56,1718.0,1950.0
base,10,int__tai20_15_07,1462,57,1617.0,1864.0
base,10,int__tai20_15_07,1462,58,1684.0,1929.0
base,10,int__tai20_15_07,1462,59,1585.0,1836.0
base,10,int__tai20_15_07,1462,60,1720.0,2001.0
base,10,int__tai20_15_07,1462,61,1595.0,1835.0
base,10,int__tai20_15_07,1462,62,1665.0,1894.0
base,10,int__tai20_15_07,1462,63,1657.0,1897.0
base,10,int__tai20_15_08,1377,0,1557.0,1788.0
base,10,int__tai20_15_08,1377,1,1604.0,1799.0
base,10,int__tai20_15_08,1377,2,1571.0,1780.0
base,10,int__tai20_15_08,1377,3,1554.0,1787.0
base,10,int__tai20_15_08,1377,4,1564.0,1791.0
base,10,int__tai20_15_08,1377,5,1525.0,1738.0
base,10,int__tai20_15_08,1377,6,1596.0,1826.0
base,10,int__tai20_15_08,1377,7,1527.0,1773.0
base,10,int__tai20_15_08,1377,8,1499.0,1749.0
base,10,int__tai20_15_08,1377,9,1529.0,1766.0
base,10,int__tai20_15_08,1377,10,1555.0,1791.0
base,10,int__tai20_15_08,1377,11,1553.0,1799.0
base,10,int__tai20_15_08,1377,12,1570.0,1816.0
base,10,int__tai20_15_08,1377,13,1616.0,1812.0
base,10,int__tai20_15_08,1377,14,1556.0,1783.0
base,10,int__tai20_15_08,1377,15,1533.0,1741.0
base,10,int__tai20_15_08,1377,16,1576.0,1821.0
base,10,int__tai20_15_08,1377,17,1629.0,1892.0
base,10,int__tai20_15_08,1377,18,1543.0,1749.0
base,10,int__tai20_15_08,1377,19,1461.0,1684.0
base,10,int__tai20_15_08,1377,20,1590.0,1832.0
base,10,int__tai20_15_08,1377,21,1564.0,1793.0
base,10,int__tai20_15_08,1377,22,1611.0,1836.0
base,10,int__tai20_15_08,1377,23,1544.0,1789.0
base,10,int__tai20_15_08,1377,24,1574.0,1803.0
base,10,int__tai20_15_08,1377,25,1620.0,1804.0
base,10,int__tai20_15_08,1377,26,1574.0,1782.0
base,10,int__tai20_15_08,1377,27,1562.0,1762.0
base,10,int__tai20_15_08,1377,28,1546.0,1751.0
base,10,int__tai20_15_08,1377,29,1571.0,1798.0
base,10,int__tai20_15_08,1377,30,1600.0,1784.0
base,10,int__tai20_15_08,1377,31,1510.0,1751.0
base,10,int__tai20_15_08,1377,32,1558.0,1768.0
base,10,int__tai20_15_08,1377,33,1560.0,1803.0
base,10,int__tai20_15_08,1377,34,1517.0,1754.0
base,10,int__tai20_15_08,1377,35,1563.0,1797.0
base,10,int__tai20_15_08,1377,36,1568.0,1810.0
base,10,int__tai20_15_08,1377,37,1552.0,1767.0
base,10,int__tai20_15_08,1377,38,1610.0,1770.0
base,10,int__tai20_15_08,1377,39,1551.0,1752.0
base,10,int__tai20_15_08,1377,40,1563.0,1791.0
base,10,int__tai20_15_08,1377,41,1553.0,1771.0
base,10,int__tai20_15_08,1377,42,1657.0,1872.0
base,10,int__tai20_15_08,1377,43,1583.0,1774.0
base,10,int__tai20_15_08,1377,44,1513.0,1744.0
base,10,int__tai20_15_08,1377,45,1581.0,1835.0
base,10,int__tai20_15_08,1377,46,1604.0,1846.0
base,10,int__tai20_15_08,1377,47,1554.0,1760.0
base,10,int__tai20_15_08,1377,48,1552.0,1797.0
base,10,int__tai20_15_08,1377,49,1556.0,1744.0
base,10,int__tai20_15_08,1377,50,1524.0,1726.0
base,10,int__tai20_15_08,1377,51,1527.0,1749.0
base,10,int__tai20_15_08,1377,52,1613.0,1831.0
base,10,int__tai20_15_08,1377,53,1637.0,1844.0
base,10,int__tai20_15_08,1377,54,1596.0,1838.0
base,10,int__tai20_15_08,1377,55,1543.0,1768.0
base,10,int__tai20_15_08,1377,56,1544.0,1771.0
base,10,int__tai20_15_08,1377,57,1512.0,1734.0
base,10,int__tai20_15_08,1377,58,1573.0,1757.0
base,10,int__tai20_15_08,1377,59,1557.0,1797.0
base,10,int__tai20_15_08,1377,60,1522.0,1750.0
base,10,int__tai20_15_08,1377,61,1492.0,1726.0
base,10,int__tai20_15_08,1377,62,1630.0,1855.0
base,10,int__tai20_15_08,1377,63,1552.0,1762.0
base,10,int__tai20_15_09,1332,0,1431.0,1616.0
base,10,int__tai20_15_09,1332,1,1532.0,1736.0
base,10,int__tai20_15_09,1332,2,1478.0,1717.0
base,10,int__tai20_15_09,1332,3,1531.0,1777.0
base,10,int__tai20_15_09,1332,4,1393.0,1620.0
base,10,int__tai20_15_09,1332,5,1454.0,1706.0
base,10,int__tai20_15_09,1332,6,1521.0,1803.0
base,10,int__tai20_15_09,1332,7,1481.0,1703.0
base,10,int__tai20_15_09,1332,8,1555.0,1770.0
base,10,int__tai20_15_09,1332,9,1507.0,1742.0
base,10,int__tai20_15_09,1332,10,1457.0,1708.0
base,10,int__tai20_15_09,1332,11,1426.0,1695.0
base,10,int__tai20_15_09,1332,12,1499.0,1783.0
base,10,int__tai20_15_09,1332,13,1431.0,1642.0
base,10,int__tai20_15_09,1332,14,1436.0,1637.0
base,10,int__tai20_15_09,1332,15,1488.0,1684.0
base,10,int__tai20_15_09,1332,16,1425.0,1690.0
base,10,int__tai20_15_09,1332,17,1486.0,1756.0
base,10,int__tai20_15_09,1332,18,1503.0,1741.0
base,10,int__tai20_15_09,1332,19,1521.0,1782.0
base,10,int__tai20_15_09,1332,20,1500.0,1740.0
base,10,int__tai20_15_09,1332,21,1497.0,1714.0
base,10,int__tai20_15_09,1332,22,1413.0,1607.0
base,10,int__tai20_15_09,1332,23,1434.0,1712.0
base,10,int__tai20_15_09,1332,24,1474.0,1693.0
base,10,int__tai20_15_09,1332,25,1502.0,1783.0
base,10,int__tai20_15_09,1332,26,1505.0,1773.0
base,10,int__tai20_15_09,1332,27,1566.0,1794.0
base,10,int__tai20_15_09,1332,28,1468.0,1643.0
base,10,int__tai20_15_09,1332,29,1529.0,1757.0
base,10,int__tai20_15_09,1332,30,1503.0,1703.0
base,10,int__tai20_15_09,1332,31,1426.0,1662.0
base,10,int__tai20_15_09,1332,32,1562.0,1782.0
base,10,int__tai20_15_09,1332,33,1434.0,1687.0
base,10,int__tai20_15_09,1332,34,1479.0,1669.0
base,10,int__tai20_15_09,1332,35,1477.0,1717.0
base,10,int__tai20_15_09,1332,36,1451.0,1637.0
base,10,int__tai20_15_09,1332,37,1577.0,1791.0
base,10,int__tai20_15_09,1332,38,1538.0,1837.0
base,10,int__tai20_15_09,1332,39,1467.0,1721.0
base,10,int__tai20_15_09,1332,40,1473.0,1650.0
base,10,int__tai20_15_09,1332,41,1504.0,1730.0
base,10,int__tai20_15_09,1332,42,1471.0,1676.0
base,10,int__tai20_15_09,1332,43,1488.0,1731.0
base,10,int__tai20_15_09,1332,44,1429.0,1661.0
base,10,int__tai20_15_09,1332,45,1443.0,1710.0
base,10,int__tai20_15_09,1332,46,1483.0,1704.0
base,10,int__tai20_15_09,1332,47,1484.0,1709.0
base,10,int__tai20_15_09,1332,48,1499.0,1727.0
base,10,int__tai20_15_09,1332,49,1471.0,1702.0
base,10,int__tai20_15_09,1332,50,1516.0,1699.0
base,10,int__tai20_15_09,1332,51,1495.0,1744.0
base,10,int__tai20_15_09,1332,52,1540.0,1754.0
base,10,int__tai20_15_09,1332,53,1516.0,1731.0
base,10,int__tai20_15_09,1332,54,1467.0,1702.0
base,10,int__tai20_15_09,1332,55,1425.0,1625.0
base,10,int__tai20_15_09,1332,56,1477.0,1747.0
base,10,int__tai20_15_09,1332,57,1569.0,1781.0
base,10,int__tai20_15_09,1332,58,1472.0,1667.0
base,10,int__tai20_15_09,1332,59,1475.0,1722.0
base,10,int__tai20_15_09,1332,60,1401.0,1655.0
base,10,int__tai20_15_09,1332,61,1507.0,1714.0
base,10,int__tai20_15_09,1332,62,1510.0,1747.0
base,10,int__tai20_15_09,1332,63,1541.0,1779.0
base,10,int__tai20_15_10,1348,0,1442.0,1662.0
base,10,int__tai20_15_10,1348,1,1487.0,1727.0
base,10,int__tai20_15_10,1348,2,1544.0,1742.0
base,10,int__tai20_15_10,1348,3,1462.0,1690.0
base,10,int__tai20_15_10,1348,4,1463.0,1673.0
base,10,int__tai20_15_10,1348,5,1497.0,1743.0
base,10,int__tai20_15_10,1348,6,1489.0,1718.0
base,10,int__tai20_15_10,1348,7,1438.0,1662.0
base,10,int__tai20_15_10,1348,8,1498.0,1716.0
base,10,int__tai20_15_10,1348,9,1484.0,1739.0
base,10,int__tai20_15_10,1348,10,1515.0,1755.0
base,10,int__tai20_15_10,1348,11,1482.0,1667.0
base,10,int__tai20_15_10,1348,12,1535.0,1752.0
base,10,int__tai20_15_10,1348,13,1564.0,1802.0
base,10,int__tai20_15_10,1348,14,1479.0,1715.0
base,10,int__tai20_15_10,1348,15,1516.0,1735.0
base,10,int__tai20_15_10,1348,16,1469.0,1646.0
base,10,int__tai20_15_10,1348,17,1493.0,1687.0
base,10,int__tai20_15_10,1348,18,1436.0,1665.0
base,10,int__tai20_15_10,1348,19,1481.0,1727.0
base,10,int__tai20_15_10,1348,20,1543.0,1748.0
base,10,int__tai20_15_10,1348,21,1417.0,1610.0
base,10,int__tai20_15_10,1348,22,1491.0,1678.0
base,10,int__tai20_15_10,1348,23,1483.0,1722.0
base,10,int__tai20_15_10,1348,24,1532.0,1725.0
base,10,int__tai20_15_10,1348,25,1459.0,1673.0
base,10,int__tai20_15_10,1348,26,1483.0,1714.0
base,10,int__tai20_15_10,1348,27,1440.0,1665.0
base,10,int__tai20_15_10,1348,28,1491.0,1684.0
base,10,int__tai20_15_10,1348,29,1491.0,1722.0
base,10,int__tai20_15_10,1348,30,1484.0,1724.0
base,10,int__tai20_15_10,1348,31,1491.0,1701.0
base,10,int__tai20_15_10,1348,32,1536.0,1734.0
base,10,int__tai20_15_10,1348,33,1494.0,1709.0
base,10,int__tai20_15_10,1348,34,1440.0,1658.0
base,10,int__tai20_15_10,1348,35,1448.0,1668.0
base,10,int__tai20_15_10,1348,36,1451.0,1668.0
base,10,int__tai20_15_10,1348,37,1540.0,1754.0
base,10,int__tai20_15_10,1348,38,1516.0,1693.0
base,10,int__tai20_15_10,1348,39,1487.0,1711.0
base,10,int__tai20_15_10,1348,40,1459.0,1687.0
base,10,int__tai20_15_10,1348,41,1463.0,1691.0
base,10,int__tai20_15_10,1348,42,1488.0,1677.0
base,10,int__tai20_15_10,1348,43,1428.0,1649.0
base,10,int__tai20_15_10,1348,44,1526.0,1762.0
base,10,int__tai20_15_10,1348,45,1507.0,1711.0
base,10,int__tai20_15_10,1348,46,1442.0,1660.0
base,10,int__tai20_15_10,1348,47,1490.0,1700.0
base,10,int__tai20_15_10,1348,48,1454.0,1670.0
base,10,int__tai20_15_10,1348,49,1510.0,1730.0
base,10,int__tai20_15_10,1348,50,1478.0,1711.0
base,10,int__tai20_15_10,1348,51,1512.0,1751.0
base,10,int__tai20_15_10,1348,52,1484.0,1693.0
base,10,int__tai20_15_10,1348,53,1448.0,1642.0
base,10,int__tai20_15_10,1348,54,1441.0,1661.0
base,10,int__tai20_15_10,1348,55,1534.0,1796.0
base,10,int__tai20_15_10,1348,56,1516.0,1728.0
base,10,int__tai20_15_10,1348,57,1484.0,1704.0
base,10,int__tai20_15_10,1348,58,1530.0,1726.0
base,10,int__tai20_15_10,1348,59,1529.0,1787.0
base,10,int__tai20_15_10,1348,60,1462.0,1665.0
base,10,int__tai20_15_10,1348,61,1469.0,1690.0
base,10,int__tai20_15_10,1348,62,1561.0,1759.0
base,10,int__tai20_15_10,1348,63,1503.0,1681.0
lam0p5,9,int__tai20_15_05,1339,0,1487.0,1684.0
lam0p5,9,int__tai20_15_05,1339,1,1589.0,1821.0
lam0p5,9,int__tai20_15_05,1339,2,1651.0,1848.0
lam0p5,9,int__tai20_15_05,1339,3,1426.0,1633.0
lam0p5,9,int__tai20_15_05,1339,4,1478.0,1660.0
lam0p5,9,int__tai20_15_05,1339,5,1593.0,1798.0
lam0p5,9,int__tai20_15_05,1339,6,1529.0,1737.0
lam0p5,9,int__tai20_15_05,1339,7,1512.0,1714.0
lam0p5,9,int__tai20_15_05,1339,8,1509.0,1710.0
lam0p5,9,int__tai20_15_05,1339,9,1558.0,1767.0
lam0p5,9,int__tai20_15_05,1339,10,1461.0,1696.0
lam0p5,9,int__tai20_15_05,1339,11,1500.0,1714.0
lam0p5,9,int__tai20_15_05,1339,12,1495.0,1702.0
lam0p5,9,int__tai20_15_05,1339,13,1530.0,1727.0
lam0p5,9,int__tai20_15_05,1339,14,1517.0,1724.0
lam0p5,9,int__tai20_15_05,1339,15,1601.0,1810.0
lam0p5,9,int__tai20_15_05,1339,16,1459.0,1687.0
lam0p5,9,int__tai20_15_05,1339,17,1574.0,1764.0
lam0p5,9,int__tai20_15_05,1339,18,1506.0,1716.0
lam0p5,9,int__tai20_15_05,1339,19,1489.0,1700.0
lam0p5,9,int__tai20_15_05,1339,20,1480.0,1660.0
lam0p5,9,int__tai20_15_05,1339,21,1467.0,1671.0
lam0p5,9,int__tai20_15_05,1339,22,1525.0,1697.0
lam0p5,9,int__tai20_15_05,1339,23,1552.0,1771.0
lam0p5,9,int__tai20_15_05,1339,24,1470.0,1674.0
lam0p5,9,int__tai20_15_05,1339,25,1496.0,1717.0
lam0p5,9,int__tai20_15_05,1339,26,1556.0,1766.0
lam0p5,9,int__tai20_15_05,1339,27,1446.0,1634.0
lam0p5,9,int__tai20_15_05,1339,28,1531.0,1729.0
lam0p5,9,int__tai20_15_05,1339,29,1493.0,1690.0
lam0p5,9,int__tai20_15_05,1339,30,1530.0,1720.0
lam0p5,9,int__tai20_15_05,1339,31,1456.0,1641.0
lam0p5,9,int__tai20_15_05,1339,32,1574.0,1771.0
lam0p5,9,int__tai20_15_05,1339,33,1566.0,1748.0
lam0p5,9,int__tai20_15_05,1339,34,1455.0,1685.0
lam0p5,9,int__tai20_15_05,1339,35,1603.0,1811.0
lam0p5,9,int__tai20_15_05,1339,36,1530.0,1731.0
lam0p5,9,int__tai20_15_05,1339,37,1587.0,1784.0
lam0p5,9,int__tai20_15_05,1339,38,1467.0,1710.0
lam0p5,9,int__tai20_15_05,1339,39,1478.0,1680.0
lam0p5,9,int__tai20_15_05,1339,40,1498.0,1680.0
lam0p5,9,int__tai20_15_05,1339,41,1475.0,1665.0
lam0p5,9,int__tai20_15_05,1339,42,1515.0,1685.0
lam0p5,9,int__tai20_15_05,1339,43,1488.0,1681.0
lam0p5,9,int__tai20_15_05,1339,44,1524.0,1757.0
lam0p5,9,int__tai20_15_05,1339,45,1507.0,1671.0
lam0p5,9,int__tai20_15_05,1339,46,1497.0,1729.0
lam0p5,9,int__tai20_15_05,1339,47,1495.0,1693.0
lam0p5,9,int__tai20_15_05,1339,48,1470.0,1665.0
lam0p5,9,int__tai20_15_05,1339,49,1530.0,1711.0
lam0p5,9,int__tai20_15_05,1339,50,1544.0,1726.0
lam0p5,9,int__tai20_15_05,1339,51,1467.0,1664.0
lam0p5,9,int__tai20_15_05,1339,52,1512.0,1734.0
lam0p5,9,int__tai20_15_05,1339,53,1543.0,1722.0
lam0p5,9,int__tai20_15_05,1339,54,1450.0,1628.0
lam0p5,9,int__tai20_15_05,1339,55,1448.0,1632.0
lam0p5,9,int__tai20_15_05,1339,56,1499.0,1685.0
lam0p5,9,int__tai20_15_05,1339,57,1577.0,1800.0
lam0p5,9,int__tai20_15_05,1339,58,1480.0,1664.0
lam0p5,9,int__tai20_15_05,1339,59,1515.0,1710.0
lam0p5,9,int__tai20_15_05,1339,60,1453.0,1644.0
lam0p5,9,int__tai20_15_05,1339,61,1497.0,1693.0
lam0p5,9,int__tai20_15_05,1339,62,1495.0,1710.0
lam0p5,9,int__tai20_15_05,1339,63,1554.0,1751.0
lam0p5,9,int__tai20_15_06,1360,0,1520.0,1745.0
lam0p5,9,int__tai20_15_06,1360,1,1510.0,1693.0
lam0p5,9,int__tai20_15_06,1360,2,1572.0,1823.0
lam0p5,9,int__tai20_15_06,1360,3,1525.0,1751.0
lam0p5,9,int__tai20_15_06,1360,4,1547.0,1783.0
lam0p5,9,int__tai20_15_06,1360,5,1551.0,1767.0
lam0p5,9,int__tai20_15_06,1360,6,1463.0,1662.0
lam0p5,9,int__tai20_15_06,1360,7,1524.0,1736.0
lam0p5,9,int__tai20_15_06,1360,8,1555.0,1795.0
lam0p5,9,int__tai20_15_06,1360,9,1553.0,1787.0
lam0p5,9,int__tai20_15_06,1360,10,1494.0,1736.0
lam0p5,9,int__tai20_15_06,1360,11,1450.0,1696.0
lam0p5,9,int__tai20_15_06,1360,12,1506.0,1733.0
lam0p5,9,int__tai20_15_06,1360,13,1561.0,1793.0
lam0p5,9,int__tai20_15_06,1360,14,1404.0,1613.0
lam0p5,9,int__tai20_15_06,1360,15,1592.0,1847.0
lam0p5,9,int__tai20_15_06,1360,16,1548.0,1772.0
lam0p5,9,int__tai20_15_06,1360,17,1569.0,1837.0
lam0p5,9,int__tai20_15_06,1360,18,1477.0,1683.0
lam0p5,9,int__tai20_15_06,1360,19,1543.0,1789.0
lam0p5,9,int__tai20_15_06,1360,20,1497.0,1741.0
lam0p5,9,int__tai20_15_06,1360,21,1592.0,1854.0
lam0p5,9,int__tai20_15_06,1360,22,1595.0,1855.0
lam0p5,9,int__tai20_15_06,1360,23,1555.0,1777.0
lam0p5,9,int__tai20_15_06,1360,24,1565.0,1786.0
lam0p5,9,int__tai20_15_06,1360,25,1519.0,1734.0
lam0p5,9,int__tai20_15_06,1360,26,1506.0,1740.0
lam0p5,9,int__tai20_15_06,1360,27,1567.0,1821.0
lam0p5,9,int__tai20_15_06,1360,28,1544.0,1763.0
lam0p5,9,int__tai20_15_06,1360,29,1531.0,1746.0
lam0p5,9,int__tai20_15_06,1360,30,1543.0,1808.0
lam0p5,9,int__tai20_15_06,1360,31,1560.0,1782.0
lam0p5,9,int__tai20_15_06,1360,32,1510.0,1735.0
lam0p5,9,int__tai20_15_06,1360,33,1511.0,1750.0
lam0p5,9,int__tai20_15_06,1360,34,1541.0,1773.0
lam0p5,9,int__tai20_15_06,1360,35,1536.0,1734.0
lam0p5,9,int__tai20_15_06,1360,36,1523.0,1731.0
lam0p5,9,int__tai20_15_06,1360,37,1420.0,1653.0
lam0p5,9,int__tai20_15_06,1360,38,1551.0,1763.0
lam0p5,9,int__tai20_15_06,1360,39,1522.0,1760.0
lam0p5,9,int__tai20_15_06,1360,40,1526.0,1764.0
lam0p5,9,int__tai20_15_06,1360,41,1577.0,1804.0
lam0p5,9,int__tai20_15_06,1360,42,1460.0,1696.0
lam0p5,9,int__tai20_15_06,1360,43,1555.0,1762.0
lam0p5,9,int__tai20_15_06,1360,44,1485.0,1751.0
lam0p5,9,int__tai20_15_06,1360,45,1543.0,1765.0
lam0p5,9,int__tai20_15_06,1360,46,1464.0,1678.0
lam0p5,9,int__tai20_15_06,1360,47,1559.0,1792.0
lam0p5,9,int__tai20_15_06,1360,48,1559.0,1807.0
lam0p5,9,int__tai20_15_06,1360,49,1510.0,1725.0
lam0p5,9,int__tai20_15_06,1360,50,1525.0,1741.0
lam0p5,9,int__tai20_15_06,1360,51,1489.0,1737.0
lam0p5,9,int__tai20_15_06,1360,52,1560.0,1782.0
lam0p5,9,int__tai20_15_06,1360,53,1550.0,1790.0
lam0p5,9,int__tai20_15_06,1360,54,1464.0,1707.0
lam0p5,9,int__tai20_15_06,1360,55,1519.0,1753.0
lam0p5,9,int__tai20_15_06,1360,56,1602.0,1805.0
lam0p5,9,int__tai20_15_06,1360,57,1512.0,1736.0
lam0p5,9,int__tai20_15_06,1360,58,1533.0,1783.0
lam0p5,9,int__tai20_15_06,1360,59,1506.0,1716.0
lam0p5,9,int__tai20_15_06,1360,60,1467.0,1700.0
lam0p5,9,int__tai20_15_06,1360,61,1430.0,1641.0
lam0p5,9,int__tai20_15_06,1360,62,1510.0,1724.0
lam0p5,9,int__tai20_15_06,1360,63,1516.0,1759.0
lam0p5,9,int__tai20_15_07,1462,0,1643.0,1856.0
lam0p5,9,int__tai20_15_07,1462,1,1646.0,1869.0
lam0p5,9,int__tai20_15_07,1462,2,1618.0,1862.0
lam0p5,9,int__tai20_15_07,1462,3,1695.0,1947.0
lam0p5,9,int__tai20_15_07,1462,4,1704.0,1988.0
lam0p5,9,int__tai20_15_07,1462,5,1644.0,1912.0
lam0p5,9,int__tai20_15_07,1462,6,1647.0,1836.0
lam0p5,9,int__tai20_15_07,1462,7,1607.0,1858.0
lam0p5,9,int__tai20_15_07,1462,8,1621.0,1891.0
lam0p5,9,int__tai20_15_07,1462,9,1650.0,1883.0
lam0p5,9,int__tai20_15_07,1462,10,1620.0,1850.0
lam0p5,9,int__tai20_15_07,1462,11,1630.0,1831.0
lam0p5,9,int__tai20_15_07,1462,12,1640.0,1874.0
lam0p5,9,int__tai20_15_07,1462,13,1672.0,1928.0
lam0p5,9,int__tai20_15_07,1462,14,1631.0,1864.0
lam0p5,9,int__tai20_15_07,1462,15,1597.0,1829.0
lam0p5,9,int__tai20_15_07,1462,16,1630.0,1877.0
lam0p5,9,int__tai20_15_07,1462,17,1648.0,1821.0
lam0p5,9,int__tai20_15_07,1462,18,1627.0,1865.0
lam0p5,9,int__tai20_15_07,1462,19,1680.0,1909.0
lam0p5,9,int__tai20_15_07,1462,20,1639.0,1915.0
lam0p5,9,int__tai20_15_07,1462,21,1591.0,1803.0
lam0p5,9,int__tai20_15_07,1462,22,1683.0,1892.0
lam0p5,9,int__tai20_15_07,1462,23,1652.0,1904.0
lam0p5,9,int__tai20_15_07,1462,24,1605.0,1816.0
lam0p5,9,int__tai20_15_07,1462,25,1671.0,1934.0
lam0p5,9,int__tai20_15_07,1462,26,1601.0,1837.0
lam0p5,9,int__tai20_15_07,1462,27,1570.0,1788.0
lam0p5,9,int__tai20_15_07,1462,28,1678.0,1898.0
lam0p5,9,int__tai20_15_07,1462,29,1570.0,1773.0
lam0p5,9,int__tai20_15_07,1462,30,1663.0,1934.0
lam0p5,9,int__tai20_15_07,1462,31,1622.0,1903.0
lam0p5,9,int__tai20_15_07,1462,32,1623.0,1856.0
lam0p5,9,int__tai20_15_07,1462,33,1677.0,1887.0
lam0p5,9,int__tai20_15_07,1462,34,1563.0,1789.0
lam0p5,9,int__tai20_15_07,1462,35,1621.0,1873.0
lam0p5,9,int__tai20_15_07,1462,36,1648.0,1874.0
lam0p5,9,int__tai20_15_07,1462,37,1603.0,1836.0
lam0p5,9,int__tai20_15_07,1462,38,1631.0,1868.0
lam0p5,9,int__tai20_15_07,1462,39,1683.0,1883.0
lam0p5,9,int__tai20_15_07,1462,40,1674.0,1897.0
lam0p5,9,int__tai20_15_07,1462,41,1666.0,1896.0
lam0p5,9,int__tai20_15_07,1462,42,1577.0,1813.0
lam0p5,9,int__tai20_15_07,1462,43,1593.0,1822.0
lam0p5,9,int__tai20_15_07,1462,44,1665.0,1928.0
lam0p5,9,int__tai20_15_07,1462,45,1582.0,1818.0
lam0p5,9,int__tai20_15_07,1462,46,1635.0,1825.0
lam0p5,9,int__tai20_15_07,1462,47,1636.0,1842.0
lam0p5,9,int__tai20_15_07,1462,48,1594.0,1819.0
lam0p5,9,int__tai20_15_07,1462,49,1607.0,1838.0
lam0p5,9,int__tai20_15_07,1462,50,1636.0,1864.0
lam0p5,9,int__tai20_15_07,1462,51,1650.0,1924.0
lam0p5,9,int__tai20_15_07,1462,52,1667.0,1885.0
lam0p5,9,int__tai20_15_07,1462,53,1601.0,1818.0
lam0p5,9,int__tai20_15_07,1462,54,1659.0,1869.0
lam0p5,9,int__tai20_15_07,1462,55,1629.0,1860.0
lam0p5,9,int__tai20_15_07,1462,56,1569.0,1790.0
lam0p5,9,int__tai20_15_07,1462,57,1636.0,1902.0
lam0p5,9,int__tai20_15_07,1462,58,1576.0,1814.0
lam0p5,9,int__tai20_15_07,1462,59,1717.0,1955.0
lam0p5,9,int__tai20_15_07,1462,60,1596.0,1821.0
lam0p5,9,int__tai20_15_07,1462,61,1695.0,1890.0
lam0p5,9,int__tai20_15_07,1462,62,1558.0,1814.0
lam0p5,9,int__tai20_15_07,1462,63,1620.0,1883.0
lam0p5,9,int__tai20_15_08,1377,0,1550.0,1750.0
lam0p5,9,int__tai20_15_08,1377,1,1606.0,1804.0
lam0p5,9,int__tai20_15_08,1377,2,1531.0,1731.0
lam0p5,9,int__tai20_15_08,1377,3,1634.0,1856.0
lam0p5,9,int__tai20_15_08,1377,4,1602.0,1824.0
lam0p5,9,int__tai20_15_08,1377,5,1564.0,1765.0
lam0p5,9,int__tai20_15_08,1377,6,1577.0,1788.0
lam0p5,9,int__tai20_15_08,1377,7,1550.0,1743.0
lam0p5,9,int__tai20_15_08,1377,8,1565.0,1749.0
lam0p5,9,int__tai20_15_08,1377,9,1600.0,1795.0
lam0p5,9,int__tai20_15_08,1377,10,1580.0,1759.0
lam0p5,9,int__tai20_15_08,1377,11,1584.0,1801.0
lam0p5,9,int__tai20_15_08,1377,12,1604.0,1810.0
lam0p5,9,int__tai20_15_08,1377,13,1565.0,1745.0
lam0p5,9,int__tai20_15_08,1377,14,1622.0,1801.0
lam0p5,9,int__tai20_15_08,1377,15,1571.0,1739.0
lam0p5,9,int__tai20_15_08,1377,16,1578.0,1800.0
lam0p5,9,int__tai20_15_08,1377,17,1586.0,1808.0
lam0p5,9,int__tai20_15_08,1377,18,1622.0,1816.0
lam0p5,9,int__tai20_15_08,1377,19,1570.0,1753.0
lam0p5,9,int__tai20_15_08,1377,20,1585.0,1777.0
lam0p5,9,int__tai20_15_08,1377,21,1586.0,1779.0
lam0p5,9,int__tai20_15_08,1377,22,1552.0,1732.0
lam0p5,9,int__tai20_15_08,1377,23,1551.0,1775.0
lam0p5,9,int__tai20_15_08,1377,24,1593.0,1792.0
lam0p5,9,int__tai20_15_08,1377,25,1534.0,1750.0
lam0p5,9,int__tai20_15_08,1377,26,1563.0,1788.0
lam0p5,9,int__tai20_15_08,1377,27,1617.0,1809.0
lam0p5,9,int__tai20_15_08,1377,28,1541.0,1750.0
lam0p5,9,int__tai20_15_08,1377,29,1593.0,1777.0
lam0p5,9,int__tai20_15_08,1377,30,1575.0,1754.0
lam0p5,9,int__tai20_15_08,1377,31,1584.0,1799.0
lam0p5,9,int__tai20_15_08,1377,32,1546.0,1741.0
lam0p5,9,int__tai20_15_08,1377,33,1561.0,1781.0
lam0p5,9,int__tai20_15_08,1377,34,1554.0,1770.0
lam0p5,9,int__tai20_15_08,1377,35,1586.0,1780.0
lam0p5,9,int__tai20_15_08,1377,36,1565.0,1756.0
lam0p5,9,int__tai20_15_08,1377,37,1573.0,1761.0
lam0p5,9,int__tai20_15_08,1377,38,1553.0,1740.0
lam0p5,9,int__tai20_15_08,1377,39,1597.0,1805.0
lam0p5,9,int__tai20_15_08,1377,40,1502.0,1737.0
lam0p5,9,int__tai20_15_08,1377,41,1611.0,1864.0
lam0p5,9,int__tai20_15_08,1377,42,1563.0,1754.0
lam0p5,9,int__tai20_15_08,1377,43,1610.0,1808.0
lam0p5,9,int__tai20_15_08,1377,44,1566.0,1740.0
lam0p5,9,int__tai20_15_08,1377,45,1547.0,1767.0
lam0p5,9,int__tai20_15_08,1377,46,1576.0,1786.0
lam0p5,9,int__tai20_15_08,1377,47,1562.0,1785.0
lam0p5,9,int__tai20_15_08,1377,48,1610.0,1804.0
lam0p5,9,int__tai20_15_08,1377,49,1610.0,1802.0
lam0p5,9,int__tai20_15_08,1377,50,1550.0,1763.0
lam0p5,9,int__tai20_15_08,1377,51,1611.0,1826.0
lam0p5,9,int__tai20_15_08,1377,52,1630.0,1858.0
lam0p5,9,int__tai20_15_08,1377,53,1575.0,1754.0
lam0p5,9,int__tai20_15_08,1377,54,1527.0,1720.0
lam0p5,9,int__tai20_15_08,1377,55,1575.0,1798.0
lam0p5,9,int__tai20_15_08,1377,56,1571.0,1777.0
lam0p5,9,int__tai20_15_08,1377,57,1552.0,1758.0
lam0p5,9,int__tai20_15_08,1377,58,1528.0,1714.0
lam0p5,9,int__tai20_15_08,1377,59,1604.0,1808.0
lam0p5,9,int__tai20_15_08,1377,60,1568.0,1758.0
lam0p5,9,int__tai20_15_08,1377,61,1607.0,1820.0
lam0p5,9,int__tai20_15_08,1377,62,1557.0,1758.0
lam0p5,9,int__tai20_15_08,1377,63,1567.0,1764.0
lam0p5,9,int__tai20_15_09,1332,0,1469.0,1674.0
lam0p5,9,int__tai20_15_09,1332,1,1485.0,1676.0
lam0p5,9,int__tai20_15_09,1332,2,1457.0,1673.0
lam0p5,9,int__tai20_15_09,1332,3,1504.0,1692.0
lam0p5,9,int__tai20_15_09,1332,4,1533.0,1715.0
lam0p5,9,int__tai20_15_09,1332,5,1491.0,1700.0
lam0p5,9,int__tai20_15_09,1332,6,1450.0,1668.0
lam0p5,9,int__tai20_15_09,1332,7,1476.0,1699.0
lam0p5,9,int__tai20_15_09,1332,8,1473.0,1734.0
lam0p5,9,int__tai20_15_09,1332,9,1502.0,1722.0
lam0p5,9,int__tai20_15_09,1332,10,1516.0,1696.0
lam0p5,9,int__tai20_15_09,1332,11,1515.0,1731.0
lam0p5,9,int__tai20_15_09,1332,12,1432.0,1656.0
lam0p5,9,int__tai20_15_09,1332,13,1425.0,1613.0
lam0p5,9,int__tai20_15_09,1332,14,1444.0,1640.0
lam0p5,9,int__tai20_15_09,1332,15,1401.0,1634.0
lam0p5,9,int__tai20_15_09,1332,16,1432.0,1678.0
lam0p5,9,int__tai20_15_09,1332,17,1452.0,1639.0
lam0p5,9,int__tai20_15_09,1332,18,1527.0,1751.0
lam0p5,9,int__tai20_15_09,1332,19,1505.0,1716.0
lam0p5,9,int__tai20_15_09,1332,20,1487.0,1692.0
lam0p5,9,int__tai20_15_09,1332,21,1459.0,1645.0
lam0p5,9,int__tai20_15_09,1332,22,1530.0,1746.0
lam0p5,9,int__tai20_15_09,1332,23,1482.0,1690.0
lam0p5,9,int__tai20_15_09,1332,24,1480.0,1715.0
lam0p5,9,int__tai20_15_09,1332,25,1498.0,1703.0
lam0p5,9,int__tai20_15_09,1332,26,1448.0,1724.0
lam0p5,9,int__tai20_15_09,1332,27,1466.0,1705.0
lam0p5,9,int__tai20_15_09,1332,28,1439.0,1650.0
lam0p5,9,int__tai20_15_09,1332,29,1478.0,1719.0
lam0p5,9,int__tai20_15_09,1332,30,1468.0,1667.0
lam0p5,9,int__tai20_15_09,1332,31,1410.0,1624.0
lam0p5,9,int__tai20_15_09,1332,32,1445.0,1671.0
lam0p5,9,int__tai20_15_09,1332,33,1456.0,1642.0
lam0p5,9,int__tai20_15_09,1332,34,1434.0,1667.0
lam0p5,9,int__tai20_15_09,1332,35,1479.0,1710.0
lam0p5,9,int__tai20_15_09,1332,36,1464.0,1657.0
lam0p5,9,int__tai20_15_09,1332,37,1457.0,1655.0
lam0p5,9,int__tai20_15_09,1332,38,1472.0,1679.0
lam0p5,9,int__tai20_15_09,1332,39,1414.0,1620.0
lam0p5,9,int__tai20_15_09,1332,40,1466.0,1693.0
lam0p5,9,int__tai20_15_09,1332,41,1460.0,1677.0
lam0p5,9,int__tai20_15_09,1332,42,1467.0,1671.0
lam0p5,9,int__tai20_15_09,1332,43,1451.0,1662.0
lam0p5,9,int__tai20_15_09,1332,44,1463.0,1651.0
lam0p5,9,int__tai20_15_09,1332,45,1499.0,1699.0
lam0p5,9,int__tai20_15_09,1332,46,1416.0,1634.0
lam0p5,9,int__tai20_15_09,1332,47,1485.0,1697.0
lam0p5,9,int__tai20_15_09,1332,48,1461.0,1658.0
lam0p5,9,int__tai20_15_09,1332,49,1443.0,1687.0
lam0p5,9,int__tai20_15_09,1332,50,1430.0,1646.0
lam0p5,9,int__tai20_15_09,1332,51,1476.0,1693.0
lam0p5,9,int__tai20_15_09,1332,52,1540.0,1783.0
lam0p5,9,int__tai20_15_09,1332,53,1387.0,1624.0
lam0p5,9,int__tai20_15_09,1332,54,1460.0,1660.0
lam0p5,9,int__tai20_15_09,1332,55,1457.0,1647.0
lam0p5,9,int__tai20_15_09,1332,56,1381.0,1621.0
lam0p5,9,int__tai20_15_09,1332,57,1485.0,1674.0
lam0p5,9,int__tai20_15_09,1332,58,1453.0,1639.0
lam0p5,9,int__tai20_15_09,1332,59,1518.0,1726.0
lam0p5,9,int__tai20_15_09,1332,60,1451.0,1650.0
lam0p5,9,int__tai20_15_09,1332,61,1426.0,1609.0
lam0p5,9,int__tai20_15_09,1332,62,1507.0,1735.0
lam0p5,9,int__tai20_15_09,1332,63,1432.0,1646.0
lam0p5,9,int__tai20_15_10,1348,0,1529.0,1774.0
lam0p5,9,int__tai20_15_10,1348,1,1545.0,1740.0
lam0p5,9,int__tai20_15_10,1348,2,1533.0,1764.0
lam0p5,9,int__tai20_15_10,1348,3,1468.0,1673.0
lam0p5,9,int__tai20_15_10,1348,4,1466.0,1651.0
lam0p5,9,int__tai20_15_10,1348,5,1624.0,1830.0
lam0p5,9,int__tai20_15_10,1348,6,1542.0,1758.0
lam0p5,9,int__tai20_15_10,1348,7,1534.0,1734.0
lam0p5,9,int__tai20_15_10,1348,8,1522.0,1740.0
lam0p5,9,int__tai20_15_10,1348,9,1534.0,1694.0
lam0p5,9,int__tai20_15_10,1348,10,1486.0,1713.0
lam0p5,9,int__tai20_15_10,1348,11,1622.0,1865.0
lam0p5,9,int__tai20_15_10,1348,12,1489.0,1727.0
lam0p5,9,int__tai20_15_10,1348,13,1521.0,1714.0
lam0p5,9,int__tai20_15_10,1348,14,1517.0,1753.0
lam0p5,9,int__tai20_15_10,1348,15,1455.0,1684.0
lam0p5,9,int__tai20_15_10,1348,16,1539.0,1717.0
lam0p5,9,int__tai20_15_10,1348,17,1519.0,1745.0
lam0p5,9,int__tai20_15_10,1348,18,1613.0,1814.0
lam0p5,9,int__tai20_15_10,1348,19,1437.0,1682.0
lam0p5,9,int__tai20_15_10,1348,20,1478.0,1680.0
lam0p5,9,int__tai20_15_10,1348,21,1486.0,1690.0
lam0p5,9,int__tai20_15_10,1348,22,1579.0,1752.0
lam0p5,9,int__tai20_15_10,1348,23,1556.0,1789.0
lam0p5,9,int__tai20_15_10,1348,24,1546.0,1805.0
lam0p5,9,int__tai20_15_10,1348,25,1545.0,1711.0
lam0p5,9,int__tai20_15_10,1348,26,1472.0,1654.0
lam0p5,9,int__tai20_15_10,1348,27,1631.0,1852.0
lam0p5,9,int__tai20_15_10,1348,28,1462.0,1689.0
lam0p5,9,int__tai20_15_10,1348,29,1622.0,1845.0
lam0p5,9,int__tai20_15_10,1348,30,1516.0,1728.0
lam0p5,9,int__tai20_15_10,1348,31,1509.0,1723.0
lam0p5,9,int__tai20_15_10,1348,32,1489.0,1721.0
lam0p5,9,int__tai20_15_10,1348,33,1454.0,1677.0
lam0p5,9,int__tai20_15_10,1348,34,1508.0,1720.0
lam0p5,9,int__tai20_15_10,1348,35,1525.0,1695.0
lam0p5,9,int__tai20_15_10,1348,36,1493.0,1731.0
lam0p5,9,int__tai20_15_10,1348,37,1519.0,1756.0
lam0p5,9,int__tai20_15_10,1348,38,1473.0,1698.0
lam0p5,9,int__tai20_15_10,1348,39,1492.0,1718.0
lam0p5,9,int__tai20_15_10,1348,40,1464.0,1656.0
lam0p5,9,int__tai20_15_10,1348,41,1504.0,1729.0
lam0p5,9,int__tai20_15_10,1348,42,1498.0,1737.0
lam0p5,9,int__tai20_15_10,1348,43,1497.0,1741.0
lam0p5,9,int__tai20_15_10,1348,44,1558.0,1762.0
lam0p5,9,int__tai20_15_10,1348,45,1589.0,1796.0
lam0p5,9,int__tai20_15_10,1348,46,1492.0,1701.0
lam0p5,9,int__tai20_15_10,1348,47,1463.0,1699.0
lam0p5,9,int__tai20_15_10,1348,48,1499.0,1705.0
lam0p5,9,int__tai20_15_10,1348,49,1457.0,1673.0
lam0p5,9,int__tai20_15_10,1348,50,1535.0,1735.0
lam0p5,9,int__tai20_15_10,1348,51,1477.0,1682.0
lam0p5,9,int__tai20_15_10,1348,52,1519.0,1758.0
lam0p5,9,int__tai20_15_10,1348,53,1475.0,1693.0
lam0p5,9,int__tai20_15_10,1348,54,1494.0,1703.0
lam0p5,9,int__tai20_15_10,1348,55,1519.0,1724.0
lam0p5,9,int__tai20_15_10,1348,56,1514.0,1734.0
lam0p5,9,int__tai20_15_10,1348,57,1484.0,1702.0
lam0p5,9,int__tai20_15_10,1348,58,1493.0,1727.0
lam0p5,9,int__tai20_15_10,1348,59,1505.0,1750.0
lam0p5,9,int__tai20_15_10,1348,60,1461.0,1719.0
lam0p5,9,int__tai20_15_10,1348,61,1534.0,1779.0
lam0p5,9,int__tai20_15_10,1348,62,1505.0,1722.0
lam0p5,9,int__tai20_15_10,1348,63,1490.0,1744.0
lam1,8,int__tai20_15_05,1339,0,1736.0,1969.0
lam1,8,int__tai20_15_05,1339,1,1566.0,1793.0
lam1,8,int__tai20_15_05,1339,2,1663.0,1854.0
lam1,8,int__tai20_15_05,1339,3,1618.0,1836.0
lam1,8,int__tai20_15_05,1339,4,1656.0,1862.0
lam1,8,int__tai20_15_05,1339,5,1555.0,1778.0
lam1,8,int__tai20_15_05,1339,6,1584.0,1800.0
lam1,8,int__tai20_15_05,1339,7,1629.0,1859.0
lam1,8,int__tai20_15_05,1339,8,1557.0,1795.0
lam1,8,int__tai20_15_05,1339,9,1507.0,1707.0
lam1,8,int__tai20_15_05,1339,10,1641.0,1843.0
lam1,8,int__tai20_15_05,1339,11,1553.0,1781.0
lam1,8,int__tai20_15_05,1339,12,1583.0,1795.0
lam1,8,int__tai20_15_05,1339,13,1540.0,1741.0
lam1,8,int__tai20_15_05,1339,14,1715.0,1904.0
lam1,8,int__tai20_15_05,1339,15,1604.0,1869.0
lam1,8,int__tai20_15_05,1339,16,1590.0,1799.0
lam1,8,int__tai20_15_05,1339,17,1546.0,1760.0
lam1,8,int__tai20_15_05,1339,18,1596.0,1774.0
lam1,8,int__tai20_15_05,1339,19,1871.0,2129.0
lam1,8,int__tai20_15_05,1339,20,1575.0,1780.0
lam1,8,int__tai20_15_05,1339,21,1603.0,1838.0
lam1,8,int__tai20_15_05,1339,22,1642.0,1878.0
lam1,8,int__tai20_15_05,1339,23,1575.0,1780.0
lam1,8,int__tai20_15_05,1339,24,1584.0,1801.0
lam1,8,int__tai20_15_05,1339,25,1570.0,1790.0
lam1,8,int__tai20_15_05,1339,26,1544.0,1746.0
lam1,8,int__tai20_15_05,1339,27,1635.0,1865.0
lam1,8,int__tai20_15_05,1339,28,1651.0,1852.0
lam1,8,int__tai20_15_05,1339,29,1654.0,1884.0
lam1,8,int__tai20_15_05,1339,30,1531.0,1735.0
lam1,8,int__tai20_15_05,1339,31,1646.0,1852.0
lam1,8,int__tai20_15_05,1339,32,1621.0,1853.0
lam1,8,int__tai20_15_05,1339,33,1552.0,1767.0
lam1,8,int__tai20_15_05,1339,34,1575.0,1811.0
lam1,8,int__tai20_15_05,1339,35,1514.0,1704.0
lam1,8,int__tai20_15_05,1339,36,1584.0,1799.0
lam1,8,int__tai20_15_05,1339,37,1586.0,1784.0
lam1,8,int__tai20_15_05,1339,38,1551.0,1742.0
lam1,8,int__tai20_15_05,1339,39,1632.0,1798.0
lam1,8,int__tai20_15_05,1339,40,1659.0,1907.0
lam1,8,int__tai20_15_05,1339,41,1642.0,1876.0
lam1,8,int__tai20_15_05,1339,42,1592.0,1822.0
lam1,8,int__tai20_15_05,1339,43,1516.0,1710.0
lam1,8,int__tai20_15_05,1339,44,1593.0,1788.0
lam1,8,int__tai20_15_05,1339,45,1567.0,1800.0
lam1,8,int__tai20_15_05,1339,46,1748.0,1977.0
lam1,8,int__tai20_15_05,1339,47,1642.0,1824.0
lam1,8,int__tai20_15_05,1339,48,1710.0,1933.0
lam1,8,int__tai20_15_05,1339,49,1674.0,1876.0
lam1,8,int__tai20_15_05,1339,50,1657.0,1888.0
lam1,8,int__tai20_15_05,1339,51,1568.0,1792.0
lam1,8,int__tai20_15_05,1339,52,1570.0,1775.0
lam1,8,int__tai20_15_05,1339,53,1534.0,1720.0
lam1,8,int__tai20_15_05,1339,54,1493.0,1685.0
lam1,8,int__tai20_15_05,1339,55,1601.0,1797.0
lam1,8,int__tai20_15_05,1339,56,1688.0,1892.0
lam1,8,int__tai20_15_05,1339,57,1642.0,1894.0
lam1,8,int__tai20_15_05,1339,58,1610.0,1824.0
lam1,8,int__tai20_15_05,1339,59,1508.0,1731.0
lam1,8,int__tai20_15_05,1339,60,1671.0,1905.0
lam1,8,int__tai20_15_05,1339,61,1471.0,1678.0
lam1,8,int__tai20_15_05,1339,62,1729.0,1988.0
lam1,8,int__tai20_15_05,1339,63,1527.0,1754.0
lam1,8,int__tai20_15_06,1360,0,1688.0,1912.0
lam1,8,int__tai20_15_06,1360,1,1561.0,1773.0
lam1,8,int__tai20_15_06,1360,2,1519.0,1757.0
lam1,8,int__tai20_15_06,1360,3,1563.0,1853.0
lam1,8,int__tai20_15_06,1360,4,1716.0,1952.0
lam1,8,int__tai20_15_06,1360,5,1558.0,1773.0
lam1,8,int__tai20_15_06,1360,6,1618.0,1851.0
lam1,8,int__tai20_15_06,1360,7,1577.0,1819.0
lam1,8,int__tai20_15_06,1360,8,1638.0,1866.0
lam1,8,int__tai20_15_06,1360,9,1587.0,1819.0
lam1,8,int__tai20_15_06,1360,10,1589.0,1808.0
lam1,8,int__tai20_15_06,1360,11,1542.0,1757.0
lam1,8,int__tai20_15_06,1360,12,1772.0,2011.0
lam1,8,int__tai20_15_06,1360,13,1685.0,1924.0
lam1,8,int__tai20_15_06,1360,14,1579.0,1840.0
lam1,8,int__tai20_15_06,1360,15,1607.0,1837.0
lam1,8,int__tai20_15_06,1360,16,1690.0,1920.0
lam1,8,int__tai20_15_06,1360,17,1598.0,1825.0
lam1,8,int__tai20_15_06,1360,18,1578.0,1811.0
lam1,8,int__tai20_15_06,1360,19,1576.0,1830.0
lam1,8,int__tai20_15_06,1360,20,1501.0,1712.0
lam1,8,int__tai20_15_06,1360,21,1667.0,1880.0
lam1,8,int__tai20_15_06,1360,22,1605.0,1856.0
lam1,8,int__tai20_15_06,1360,23,1539.0,1791.0
lam1,8,int__tai20_15_06,1360,24,1562.0,1821.0
lam1,8,int__tai20_15_06,1360,25,1757.0,2008.0
lam1,8,int__tai20_15_06,1360,26,1627.0,1919.0
lam1,8,int__tai20_15_06,1360,27,1615.0,1857.0
lam1,8,int__tai20_15_06,1360,28,1522.0,1753.0
lam1,8,int__tai20_15_06,1360,29,1604.0,1846.0
lam1,8,int__tai20_15_06,1360,30,1609.0,1833.0
lam1,8,int__tai20_15_06,1360,31,1568.0,1832.0
lam1,8,int__tai20_15_06,1360,32,1557.0,1768.0
lam1,8,int__tai20_15_06,1360,33,1639.0,1880.0
lam1,8,int__tai20_15_06,1360,34,1546.0,1779.0
lam1,8,int__tai20_15_06,1360,35,1582.0,1794.0
lam1,8,int__tai20_15_06,1360,36,1590.0,1806.0
lam1,8,int__tai20_15_06,1360,37,1579.0,1834.0
lam1,8,int__tai20_15_06,1360,38,1655.0,1925.0
lam1,8,int__tai20_15_06,1360,39,1637.0,1903.0
lam1,8,int__tai20_15_06,1360,40,1526.0,1770.0
lam1,8,int__tai20_15_06,1360,41,1563.0,1765.0
lam1,8,int__tai20_15_06,1360,42,1727.0,1988.0
lam1,8,int__tai20_15_06,1360,43,1604.0,1831.0
lam1,8,int__tai20_15_06,1360,44,1540.0,1762.0
lam1,8,int__tai20_15_06,1360,45,1702.0,1949.0
lam1,8,int__tai20_15_06,1360,46,1527.0,1761.0
lam1,8,int__tai20_15_06,1360,47,1560.0,1796.0
lam1,8,int__tai20_15_06,1360,48,1467.0,1704.0
lam1,8,int__tai20_15_06,1360,49,1552.0,1753.0
lam1,8,int__tai20_15_06,1360,50,1617.0,1859.0
lam1,8,int__tai20_15_06,1360,51,1609.0,1849.0
lam1,8,int__tai20_15_06,1360,52,1632.0,1859.0
lam1,8,int__tai20_15_06,1360,53,1541.0,1810.0
lam1,8,int__tai20_15_06,1360,54,1679.0,1951.0
lam1,8,int__tai20_15_06,1360,55,1631.0,1841.0
lam1,8,int__tai20_15_06,1360,56,1664.0,1918.0
lam1,8,int__tai20_15_06,1360,57,1680.0,1931.0
lam1,8,int__tai20_15_06,1360,58,1629.0,1868.0
lam1,8,int__tai20_15_06,1360,59,1730.0,1998.0
lam1,8,int__tai20_15_06,1360,60,1750.0,2040.0
lam1,8,int__tai20_15_06,1360,61,1644.0,1861.0
lam1,8,int__tai20_15_06,1360,62,1652.0,1881.0
lam1,8,int__tai20_15_06,1360,63,1566.0,1807.0
lam1,8,int__tai20_15_07,1462,0,1614.0,1841.0
lam1,8,int__tai20_15_07,1462,1,1803.0,2092.0
lam1,8,int__tai20_15_07,1462,2,1661.0,1932.0
lam1,8,int__tai20_15_07,1462,3,1720.0,1952.0
lam1,8,int__tai20_15_07,1462,4,1612.0,1846.0
lam1,8,int__tai20_15_07,1462,5,1785.0,2008.0
lam1,8,int__tai20_15_07,1462,6,1627.0,1864.0
lam1,8,int__tai20_15_07,1462,7,1600.0,1865.0
lam1,8,int__tai20_15_07,1462,8,1635.0,1868.0
lam1,8,int__tai20_15_07,1462,9,1664.0,1921.0
lam1,8,int__tai20_15_07,1462,10,1668.0,1902.0
lam1,8,int__tai20_15_07,1462,11,1677.0,1901.0
lam1,8,int__tai20_15_07,1462,12,1635.0,1872.0
lam1,8,int__tai20_15_07,1462,13,1637.0,1887.0
lam1,8,int__tai20_15_07,1462,14,1636.0,1879.0
lam1,8,int__tai20_15_07,1462,15,1630.0,1885.0
lam1,8,int__tai20_15_07,1462,16,1678.0,1892.0
lam1,8,int__tai20_15_07,1462,17,1615.0,1863.0
lam1,8,int__tai20_15_07,1462,18,1644.0,1935.0
lam1,8,int__tai20_15_07,1462,19,1635.0,1870.0
lam1,8,int__tai20_15_07,1462,20,1638.0,1857.0
lam1,8,int__tai20_15_07,1462,21,1604.0,1869.0
lam1,8,int__tai20_15_07,1462,22,1630.0,1902.0
lam1,8,int__tai20_15_07,1462,23,1645.0,1872.0
lam1,8,int__tai20_15_07,1462,24,1619.0,1829.0
lam1,8,int__tai20_15_07,1462,25,1634.0,1914.0
lam1,8,int__tai20_15_07,1462,26,1720.0,1910.0
lam1,8,int__tai20_15_07,1462,27,1776.0,2040.0
lam1,8,int__tai20_15_07,1462,28,1630.0,1879.0
lam1,8,int__tai20_15_07,1462,29,1622.0,1870.0
lam1,8,int__tai20_15_07,1462,30,1635.0,1896.0
lam1,8,int__tai20_15_07,1462,31,1653.0,1895.0
lam1,8,int__tai20_15_07,1462,32,1681.0,1896.0
lam1,8,int__tai20_15_07,1462,33,1655.0,1925.0
lam1,8,int__tai20_15_07,1462,34,1660.0,1887.0
lam1,8,int__tai20_15_07,1462,35,1592.0,1807.0
lam1,8,int__tai20_15_07,1462,36,1708.0,1909.0
lam1,8,int__tai20_15_07,1462,37,1604.0,1870.0
lam1,8,int__tai20_15_07,1462,38,1628.0,1871.0
lam1,8,int__tai20_15_07,1462,39,1633.0,1888.0
lam1,8,int__tai20_15_07,1462,40,1691.0,1927.0
lam1,8,int__tai20_15_07,1462,41,1796.0,2101.0
lam1,8,int__tai20_15_07,1462,42,1611.0,1865.0
lam1,8,int__tai20_15_07,1462,43,1714.0,1960.0
lam1,8,int__tai20_15_07,1462,44,1681.0,1915.0
lam1,8,int__tai20_15_07,1462,45,1593.0,1835.0
lam1,8,int__tai20_15_07,1462,46,1641.0,1909.0
lam1,8,int__tai20_15_07,1462,47,1678.0,1962.0
lam1,8,int__tai20_15_07,1462,48,1656.0,1910.0
lam1,8,int__tai20_15_07,1462,49,1678.0,1908.0
lam1,8,int__tai20_15_07,1462,50,1682.0,1893.0
lam1,8,int__tai20_15_07,1462,51,1650.0,1904.0
lam1,8,int__tai20_15_07,1462,52,1728.0,1960.0
lam1,8,int__tai20_15_07,1462,53,1626.0,1826.0
lam1,8,int__tai20_15_07,1462,54,1704.0,1931.0
lam1,8,int__tai20_15_07,1462,55,1719.0,1981.0
lam1,8,int__tai20_15_07,1462,56,1642.0,1908.0
lam1,8,int__tai20_15_07,1462,57,1720.0,1987.0
lam1,8,int__tai20_15_07,1462,58,1604.0,1780.0
lam1,8,int__tai20_15_07,1462,59,1598.0,1817.0
lam1,8,int__tai20_15_07,1462,60,1653.0,1916.0
lam1,8,int__tai20_15_07,1462,61,1691.0,1933.0
lam1,8,int__tai20_15_07,1462,62,1679.0,1935.0
lam1,8,int__tai20_15_07,1462,63,1634.0,1847.0
lam1,8,int__tai20_15_08,1377,0,1575.0,1755.0
lam1,8,int__tai20_15_08,1377,1,1574.0,1762.0
lam1,8,int__tai20_15_08,1377,2,1567.0,1765.0
lam1,8,int__tai20_15_08,1377,3,1678.0,1896.0
lam1,8,int__tai20_15_08,1377,4,1615.0,1845.0
lam1,8,int__tai20_15_08,1377,5,1547.0,1753.0
lam1,8,int__tai20_15_08,1377,6,1552.0,1758.0
lam1,8,int__tai20_15_08,1377,7,1639.0,1850.0
lam1,8,int__tai20_15_08,1377,8,1545.0,1740.0
lam1,8,int__tai20_15_08,1377,9,1561.0,1761.0
lam1,8,int__tai20_15_08,1377,10,1626.0,1852.0
lam1,8,int__tai20_15_08,1377,11,1672.0,1844.0
lam1,8,int__tai20_15_08,1377,12,1533.0,1740.0
lam1,8,int__tai20_15_08,1377,13,1580.0,1794.0
lam1,8,int__tai20_15_08,1377,14,1627.0,1863.0
lam1,8,int__tai20_15_08,1377,15,1671.0,1902.0
lam1,8,int__tai20_15_08,1377,16,1540.0,1751.0
lam1,8,int__tai20_15_08,1377,17,1578.0,1758.0
lam1,8,int__tai20_15_08,1377,18,1611.0,1823.0
lam1,8,int__tai20_15_08,1377,19,1677.0,1923.0
lam1,8,int__tai20_15_08,1377,20,1538.0,1775.0
lam1,8,int__tai20_15_08,1377,21,1568.0,1750.0
lam1,8,int__tai20_15_08,1377,22,1584.0,1795.0
lam1,8,int__tai20_15_08,1377,23,1616.0,1821.0
lam1,8,int__tai20_15_08,1377,24,1608.0,1790.0
lam1,8,int__tai20_15_08,1377,25,1587.0,1809.0
lam1,8,int__tai20_15_08,1377,26,1523.0,1741.0
lam1,8,int__tai20_15_08,1377,27,1551.0,1778.0
lam1,8,int__tai20_15_08,1377,28,1535.0,1764.0
lam1,8,int__tai20_15_08,1377,29,1674.0,1885.0
lam1,8,int__tai20_15_08,1377,30,1571.0,1796.0
lam1,8,int__tai20_15_08,1377,31,1562.0,1766.0
lam1,8,int__tai20_15_08,1377,32,1644.0,1853.0
lam1,8,int__tai20_15_08,1377,33,1628.0,1812.0
lam1,8,int__tai20_15_08,1377,34,1621.0,1846.0
lam1,8,int__tai20_15_08,1377,35,1622.0,1824.0
lam1,8,int__tai20_15_08,1377,36,1516.0,1733.0
lam1,8,int__tai20_15_08,1377,37,1523.0,1736.0
lam1,8,int__tai20_15_08,1377,38,1689.0,1889.0
lam1,8,int__tai20_15_08,1377,39,1642.0,1872.0
lam1,8,int__tai20_15_08,1377,40,1581.0,1768.0
lam1,8,int__tai20_15_08,1377,41,1618.0,1839.0
lam1,8,int__tai20_15_08,1377,42,1568.0,1785.0
lam1,8,int__tai20_15_08,1377,43,1591.0,1811.0
lam1,8,int__tai20_15_08,1377,44,1631.0,1811.0
lam1,8,int__tai20_15_08,1377,45,1559.0,1776.0
lam1,8,int__tai20_15_08,1377,46,1584.0,1827.0
lam1,8,int__tai20_15_08,1377,47,1575.0,1765.0
lam1,8,int__tai20_15_08,1377,48,1559.0,1751.0
lam1,8,int__tai20_15_08,1377,49,1570.0,1792.0
lam1,8,int__tai20_15_08,1377,50,1568.0,1766.0
lam1,8,int__tai20_15_08,1377,51,1665.0,1873.0
lam1,8,int__tai20_15_08,1377,52,1632.0,1827.0
lam1,8,int__tai20_15_08,1377,53,1557.0,1779.0
lam1,8,int__tai20_15_08,1377,54,1684.0,1906.0
lam1,8,int__tai20_15_08,1377,55,1678.0,1865.0
lam1,8,int__tai20_15_08,1377,56,1578.0,1761.0
lam1,8,int__tai20_15_08,1377,57,1585.0,1789.0
lam1,8,int__tai20_15_08,1377,58,1596.0,1800.0
lam1,8,int__tai20_15_08,1377,59,1557.0,1765.0
lam1,8,int__tai20_15_08,1377,60,1552.0,1757.0
lam1,8,int__tai20_15_08,1377,61,1528.0,1749.0
lam1,8,int__tai20_15_08,1377,62,1615.0,1847.0
lam1,8,int__tai20_15_08,1377,63,1536.0,1764.0
lam1,8,int__tai20_15_09,1332,0,1536.0,1759.0
lam1,8,int__tai20_15_09,1332,1,1678.0,1884.0
lam1,8,int__tai20_15_09,1332,2,1567.0,1794.0
lam1,8,int__tai20_15_09,1332,3,1569.0,1817.0
lam1,8,int__tai20_15_09,1332,4,1530.0,1789.0
lam1,8,int__tai20_15_09,1332,5,1546.0,1748.0
lam1,8,int__tai20_15_09,1332,6,1592.0,1792.0
lam1,8,int__tai20_15_09,1332,7,1549.0,1816.0
lam1,8,int__tai20_15_09,1332,8,1561.0,1780.0
lam1,8,int__tai20_15_09,1332,9,1593.0,1773.0
lam1,8,int__tai20_15_09,1332,10,1637.0,1880.0
lam1,8,int__tai20_15_09,1332,11,1538.0,1753.0
lam1,8,int__tai20_15_09,1332,12,1515.0,1736.0
lam1,8,int__tai20_15_09,1332,13,1624.0,1860.0
lam1,8,int__tai20_15_09,1332,14,1476.0,1724.0
lam1,8,int__tai20_15_09,1332,15,1516.0,1765.0
lam1,8,int__tai20_15_09,1332,16,1444.0,1682.0
lam1,8,int__tai20_15_09,1332,17,1522.0,1726.0
lam1,8,int__tai20_15_09,1332,18,1570.0,1822.0
lam1,8,int__tai20_15_09,1332,19,1522.0,1756.0
lam1,8,int__tai20_15_09,1332,20,1531.0,1715.0
lam1,8,int__tai20_15_09,1332,21,1543.0,1790.0
lam1,8,int__tai20_15_09,1332,22,1477.0,1701.0
lam1,8,int__tai20_15_09,1332,23,1430.0,1627.0
lam1,8,int__tai20_15_09,1332,24,1533.0,1742.0
lam1,8,int__tai20_15_09,1332,25,1487.0,1727.0
lam1,8,int__tai20_15_09,1332,26,1490.0,1763.0
lam1,8,int__tai20_15_09,1332,27,1534.0,1778.0
lam1,8,int__tai20_15_09,1332,28,1665.0,1899.0
lam1,8,int__tai20_15_09,1332,29,1540.0,1742.0
lam1,8,int__tai20_15_09,1332,30,1611.0,1800.0
lam1,8,int__tai20_15_09,1332,31,1629.0,1854.0
lam1,8,int__tai20_15_09,1332,32,1635.0,1867.0
lam1,8,int__tai20_15_09,1332,33,1440.0,1658.0
lam1,8,int__tai20_15_09,1332,34,1541.0,1725.0
lam1,8,int__tai20_15_09,1332,35,1545.0,1721.0
lam1,8,int__tai20_15_09,1332,36,1546.0,1779.0
lam1,8,int__tai20_15_09,1332,37,1555.0,1804.0
lam1,8,int__tai20_15_09,1332,38,1615.0,1857.0
lam1,8,int__tai20_15_09,1332,39,1597.0,1826.0
lam1,8,int__tai20_15_09,1332,40,1486.0,1705.0
lam1,8,int__tai20_15_09,1332,41,1497.0,1736.0
lam1,8,int__tai20_15_09,1332,42,1501.0,1720.0
lam1,8,int__tai20_15_09,1332,43,1616.0,1842.0
lam1,8,int__tai20_15_09,1332,44,1573.0,1800.0
lam1,8,int__tai20_15_09,1332,45,1513.0,1742.0
lam1,8,int__tai20_15_09,1332,46,1607.0,1829.0
lam1,8,int__tai20_15_09,1332,47,1587.0,1836.0
lam1,8,int__tai20_15_09,1332,48,1515.0,1737.0
lam1,8,int__tai20_15_09,1332,49,1631.0,1853.0
lam1,8,int__tai20_15_09,1332,50,1537.0,1768.0
lam1,8,int__tai20_15_09,1332,51,1524.0,1778.0
lam1,8,int__tai20_15_09,1332,52,1499.0,1724.0
lam1,8,int__tai20_15_09,1332,53,1528.0,1776.0
lam1,8,int__tai20_15_09,1332,54,1617.0,1866.0
lam1,8,int__tai20_15_09,1332,55,1531.0,1763.0
lam1,8,int__tai20_15_09,1332,56,1517.0,1760.0
lam1,8,int__tai20_15_09,1332,57,1623.0,1833.0
lam1,8,int__tai20_15_09,1332,58,1571.0,1799.0
lam1,8,int__tai20_15_09,1332,59,1601.0,1745.0
lam1,8,int__tai20_15_09,1332,60,1568.0,1794.0
lam1,8,int__tai20_15_09,1332,61,1470.0,1692.0
lam1,8,int__tai20_15_09,1332,62,1493.0,1702.0
lam1,8,int__tai20_15_09,1332,63,1627.0,1832.0
lam1,8,int__tai20_15_10,1348,0,1630.0,1820.0
lam1,8,int__tai20_15_10,1348,1,1597.0,1895.0
lam1,8,int__tai20_15_10,1348,2,1508.0,1746.0
lam1,8,int__tai20_15_10,1348,3,1744.0,2006.0
lam1,8,int__tai20_15_10,1348,4,1615.0,1850.0
lam1,8,int__tai20_15_10,1348,5,1564.0,1789.0
lam1,8,int__tai20_15_10,1348,6,1629.0,1894.0
lam1,8,int__tai20_15_10,1348,7,1677.0,1905.0
lam1,8,int__tai20_15_10,1348,8,1473.0,1702.0
lam1,8,int__tai20_15_10,1348,9,1544.0,1761.0
lam1,8,int__tai20_15_10,1348,10,1634.0,1862.0
lam1,8,int__tai20_15_10,1348,11,1627.0,1850.0
lam1,8,int__tai20_15_10,1348,12,1554.0,1804.0
lam1,8,int__tai20_15_10,1348,13,1622.0,1834.0
lam1,8,int__tai20_15_10,1348,14,1532.0,1789.0
lam1,8,int__tai20_15_10,1348,15,1540.0,1765.0
lam1,8,int__tai20_15_10,1348,16,1650.0,1909.0
lam1,8,int__tai20_15_10,1348,17,1600.0,1830.0
lam1,8,int__tai20_15_10,1348,18,1601.0,1840.0
lam1,8,int__tai20_15_10,1348,19,1604.0,1818.0
lam1,8,int__tai20_15_10,1348,20,1656.0,1920.0
lam1,8,int__tai20_15_10,1348,21,1542.0,1772.0
lam1,8,int__tai20_15_10,1348,22,1658.0,1857.0
lam1,8,int__tai20_15_10,1348,23,1529.0,1748.0
lam1,8,int__tai20_15_10,1348,24,1572.0,1820.0
lam1,8,int__tai20_15_10,1348,25,1690.0,1902.0
lam1,8,int__tai20_15_10,1348,26,1625.0,1846.0
lam1,8,int__tai20_15_10,1348,27,1697.0,1967.0
lam1,8,int__tai20_15_10,1348,28,1471.0,1699.0
lam1,8,int__tai20_15_10,1348,29,1580.0,1805.0
lam1,8,int__tai20_15_10,1348,30,1589.0,1817.0
lam1,8,int__tai20_15_10,1348,31,1659.0,1945.0
lam1,8,int__tai20_15_10,1348,32,1593.0,1833.0
lam1,8,int__tai20_15_10,1348,33,1609.0,1804.0
lam1,8,int__tai20_15_10,1348,34,1555.0,1805.0
lam1,8,int__tai20_15_10,1348,35,1559.0,1806.0
lam1,8,int__tai20_15_10,1348,36,1559.0,1779.0
lam1,8,int__tai20_15_10,1348,37,1548.0,1787.0
lam1,8,int__tai20_15_10,1348,38,1523.0,1727.0
lam1,8,int__tai20_15_10,1348,39,1618.0,1848.0
lam1,8,int__tai20_15_10,1348,40,1584.0,1872.0
lam1,8,int__tai20_15_10,1348,41,1592.0,1822.0
lam1,8,int__tai20_15_10,1348,42,1513.0,1742.0
lam1,8,int__tai20_15_10,1348,43,1569.0,1791.0
lam1,8,int__tai20_15_10,1348,44,1542.0,1781.0
lam1,8,int__tai20_15_10,1348,45,1617.0,1867.0
lam1,8,int__tai20_15_10,1348,46,1770.0,2038.0
lam1,8,int__tai20_15_10,1348,47,1534.0,1818.0
lam1,8,int__tai20_15_10,1348,48,1625.0,1866.0
lam1,8,int__tai20_15_10,1348,49,1567.0,1807.0
lam1,8,int__tai20_15_10,1348,50,1576.0,1815.0
lam1,8,int__tai20_15_10,1348,51,1526.0,1753.0
lam1,8,int__tai20_15_10,1348,52,1508.0,1737.0
lam1,8,int__tai20_15_10,1348,53,1558.0,1770.0
lam1,8,int__tai20_15_10,1348,54,1686.0,1958.0
lam1,8,int__tai20_15_10,1348,55,1544.0,1798.0
lam1,8,int__tai20_15_10,1348,56,1598.0,1808.0
lam1,8,int__tai20_15_10,1348,57,1595.0,1860.0
lam1,8,int__tai20_15_10,1348,58,1481.0,1755.0
lam1,8,int__tai20_15_10,1348,59,1655.0,1902.0
lam1,8,int__tai20_15_10,1348,60,1596.0,1838.0
lam1,8,int__tai20_15_10,1348,61,1696.0,1929.0
lam1,8,int__tai20_15_10,1348,62,1615.0,1827.0
lam1,8,int__tai20_15_10,1348,63,1794.0,2051.0
lam2,7,int__tai20_15_05,1339,0,1485.0,1667.0
lam2,7,int__tai20_15_05,1339,1,1535.0,1761.0
lam2,7,int__tai20_15_05,1339,2,1566.0,1772.0
lam2,7,int__tai20_15_05,1339,3,1545.0,1745.0
lam2,7,int__tai20_15_05,1339,4,1520.0,1709.0
lam2,7,int__tai20_15_05,1339,5,1512.0,1699.0
lam2,7,int__tai20_15_05,1339,6,1457.0,1675.0
lam2,7,int__tai20_15_05,1339,7,1491.0,1694.0
lam2,7,int__tai20_15_05,1339,8,1496.0,1674.0
lam2,7,int__tai20_15_05,1339,9,1581.0,1801.0
lam2,7,int__tai20_15_05,1339,10,1475.0,1680.0
lam2,7,int__tai20_15_05,1339,11,1497.0,1710.0
lam2,7,int__tai20_15_05,1339,12,1500.0,1712.0
lam2,7,int__tai20_15_05,1339,13,1444.0,1650.0
lam2,7,int__tai20_15_05,1339,14,1539.0,1737.0
lam2,7,int__tai20_15_05,1339,15,1559.0,1745.0
lam2,7,int__tai20_15_05,1339,16,1488.0,1693.0
lam2,7,int__tai20_15_05,1339,17,1528.0,1697.0
lam2,7,int__tai20_15_05,1339,18,1513.0,1735.0
lam2,7,int__tai20_15_05,1339,19,1541.0,1724.0
lam2,7,int__tai20_15_05,1339,20,1612.0,1836.0
lam2,7,int__tai20_15_05,1339,21,1570.0,1787.0
lam2,7,int__tai20_15_05,1339,22,1548.0,1733.0
lam2,7,int__tai20_15_05,1339,23,1543.0,1741.0
lam2,7,int__tai20_15_05,1339,24,1565.0,1802.0
lam2,7,int__tai20_15_05,1339,25,1446.0,1674.0
lam2,7,int__tai20_15_05,1339,26,1570.0,1746.0
lam2,7,int__tai20_15_05,1339,27,1481.0,1681.0
lam2,7,int__tai20_15_05,1339,28,1560.0,1760.0
lam2,7,int__tai20_15_05,1339,29,1558.0,1747.0
lam2,7,int__tai20_15_05,1339,30,1511.0,1679.0
lam2,7,int__tai20_15_05,1339,31,1487.0,1696.0
lam2,7,int__tai20_15_05,1339,32,1507.0,1717.0
lam2,7,int__tai20_15_05,1339,33,1506.0,1681.0
lam2,7,int__tai20_15_05,1339,34,1509.0,1746.0
lam2,7,int__tai20_15_05,1339,35,1483.0,1669.0
lam2,7,int__tai20_15_05,1339,36,1552.0,1776.0
lam2,7,int__tai20_15_05,1339,37,1455.0,1678.0
lam2,7,int__tai20_15_05,1339,38,1544.0,1764.0
lam2,7,int__tai20_15_05,1339,39,1559.0,1743.0
lam2,7,int__tai20_15_05,1339,40,1538.0,1712.0
lam2,7,int__tai20_15_05,1339,41,1499.0,1744.0
lam2,7,int__tai20_15_05,1339,42,1500.0,1676.0
lam2,7,int__tai20_15_05,1339,43,1486.0,1698.0
lam2,7,int__tai20_15_05,1339,44,1458.0,1640.0
lam2,7,int__tai20_15_05,1339,45,1511.0,1725.0
lam2,7,int__tai20_15_05,1339,46,1464.0,1696.0
lam2,7,int__tai20_15_05,1339,47,1451.0,1653.0
lam2,7,int__tai20_15_05,1339,48,1592.0,1804.0
lam2,7,int__tai20_15_05,1339,49,1566.0,1763.0
lam2,7,int__tai20_15_05,1339,50,1484.0,1711.0
lam2,7,int__tai20_15_05,1339,51,1522.0,1739.0
lam2,7,int__tai20_15_05,1339,52,1455.0,1629.0
lam2,7,int__tai20_15_05,1339,53,1546.0,1741.0
lam2,7,int__tai20_15_05,1339,54,1535.0,1722.0
lam2,7,int__tai20_15_05,1339,55,1498.0,1700.0
lam2,7,int__tai20_15_05,1339,56,1439.0,1644.0
lam2,7,int__tai20_15_05,1339,57,1464.0,1661.0
lam2,7,int__tai20_15_05,1339,58,1577.0,1772.0
lam2,7,int__tai20_15_05,1339,59,1474.0,1658.0
lam2,7,int__tai20_15_05,1339,60,1546.0,1777.0
lam2,7,int__tai20_15_05,1339,61,1476.0,1682.0
lam2,7,int__tai20_15_05,1339,62,1527.0,1720.0
lam2,7,int__tai20_15_05,1339,63,1512.0,1709.0
lam2,7,int__tai20_15_06,1360,0,1475.0,1672.0
lam2,7,int__tai20_15_06,1360,1,1524.0,1776.0
lam2,7,int__tai20_15_06,1360,2,1515.0,1730.0
lam2,7,int__tai20_15_06,1360,3,1531.0,1756.0
lam2,7,int__tai20_15_06,1360,4,1527.0,1763.0
lam2,7,int__tai20_15_06,1360,5,1479.0,1652.0
lam2,7,int__tai20_15_06,1360,6,1550.0,1729.0
lam2,7,int__tai20_15_06,1360,7,1540.0,1785.0
lam2,7,int__tai20_15_06,1360,8,1540.0,1774.0
lam2,7,int__tai20_15_06,1360,9,1527.0,1795.0
lam2,7,int__tai20_15_06,1360,10,1503.0,1740.0
lam2,7,int__tai20_15_06,1360,11,1492.0,1733.0
lam2,7,int__tai20_15_06,1360,12,1515.0,1746.0
lam2,7,int__tai20_15_06,1360,13,1511.0,1752.0
lam2,7,int__tai20_15_06,1360,14,1522.0,1739.0
lam2,7,int__tai20_15_06,1360,15,1478.0,1694.0
lam2,7,int__tai20_15_06,1360,16,1517.0,1752.0
lam2,7,int__tai20_15_06,1360,17,1484.0,1720.0
lam2,7,int__tai20_15_06,1360,18,1565.0,1822.0
lam2,7,int__tai20_15_06,1360,19,1498.0,1735.0
lam2,7,int__tai20_15_06,1360,20,1531.0,1742.0
lam2,7,int__tai20_15_06,1360,21,1522.0,1740.0
lam2,7,int__tai20_15_06,1360,22,1491.0,1669.0
lam2,7,int__tai20_15_06,1360,23,1488.0,1723.0
lam2,7,int__tai20_15_06,1360,24,1482.0,1700.0
lam2,7,int__tai20_15_06,1360,25,1515.0,1787.0
lam2,7,int__tai20_15_06,1360,26,1428.0,1657.0
lam2,7,int__tai20_15_06,1360,27,1489.0,1727.0
lam2,7,int__tai20_15_06,1360,28,1532.0,1773.0
lam2,7,int__tai20_15_06,1360,29,1476.0,1713.0
lam2,7,int__tai20_15_06,1360,30,1538.0,1790.0
lam2,7,int__tai20_15_06,1360,31,1479.0,1725.0
lam2,7,int__tai20_15_06,1360,32,1566.0,1774.0
lam2,7,int__tai20_15_06,1360,33,1521.0,1769.0
lam2,7,int__tai20_15_06,1360,34,1519.0,1723.0
lam2,7,int__tai20_15_06,1360,35,1561.0,1777.0
lam2,7,int__tai20_15_06,1360,36,1486.0,1734.0
lam2,7,int__tai20_15_06,1360,37,1555.0,1766.0
lam2,7,int__tai20_15_06,1360,38,1525.0,1762.0
lam2,7,int__tai20_15_06,1360,39,1531.0,1748.0
lam2,7,int__tai20_15_06,1360,40,1533.0,1747.0
lam2,7,int__tai20_15_06,1360,41,1497.0,1755.0
lam2,7,int__tai20_15_06,1360,42,1453.0,1688.0
lam2,7,int__tai20_15_06,1360,43,1510.0,1722.0
lam2,7,int__tai20_15_06,1360,44,1565.0,1784.0
lam2,7,int__tai20_15_06,1360,45,1445.0,1684.0
lam2,7,int__tai20_15_06,1360,46,1505.0,1698.0
lam2,7,int__tai20_15_06,1360,47,1549.0,1748.0
lam2,7,int__tai20_15_06,1360,48,1597.0,1825.0
lam2,7,int__tai20_15_06,1360,49,1484.0,1743.0
lam2,7,int__tai20_15_06,1360,50,1563.0,1817.0
lam2,7,int__tai20_15_06,1360,51,1540.0,1769.0
lam2,7,int__tai20_15_06,1360,52,1528.0,1764.0
lam2,7,int__tai20_15_06,1360,53,1506.0,1738.0
lam2,7,int__tai20_15_06,1360,54,1516.0,1784.0
lam2,7,int__tai20_15_06,1360,55,1554.0,1801.0
lam2,7,int__tai20_15_06,1360,56,1509.0,1741.0
lam2,7,int__tai20_15_06,1360,57,1541.0,1760.0
lam2,7,int__tai20_15_06,1360,58,1529.0,1763.0
lam2,7,int__tai20_15_06,1360,59,1517.0,1704.0
lam2,7,int__tai20_15_06,1360,60,1531.0,1746.0
lam2,7,int__tai20_15_06,1360,61,1443.0,1651.0
lam2,7,int__tai20_15_06,1360,62,1558.0,1813.0
lam2,7,int__tai20_15_06,1360,63,1516.0,1752.0
lam2,7,int__tai20_15_07,1462,0,1551.0,1755.0
lam2,7,int__tai20_15_07,1462,1,1580.0,1818.0
lam2,7,int__tai20_15_07,1462,2,1615.0,1808.0
lam2,7,int__tai20_15_07,1462,3,1538.0,1757.0
lam2,7,int__tai20_15_07,1462,4,1587.0,1799.0
lam2,7,int__tai20_15_07,1462,5,1655.0,1910.0
lam2,7,int__tai20_15_07,1462,6,1554.0,1813.0
lam2,7,int__tai20_15_07,1462,7,1592.0,1807.0
lam2,7,int__tai20_15_07,1462,8,1624.0,1919.0
lam2,7,int__tai20_15_07,1462,9,1677.0,1901.0
lam2,7,int__tai20_15_07,1462,10,1625.0,1857.0
lam2,7,int__tai20_15_07,1462,11,1603.0,1833.0
lam2,7,int__tai20_15_07,1462,12,1633.0,1842.0
lam2,7,int__tai20_15_07,1462,13,1620.0,1855.0
lam2,7,int__tai20_15_07,1462,14,1606.0,1834.0
lam2,7,int__tai20_15_07,1462,15,1615.0,1894.0
lam2,7,int__tai20_15_07,1462,16,1604.0,1862.0
lam2,7,int__tai20_15_07,1462,17,1678.0,1917.0
lam2,7,int__tai20_15_07,1462,18,1553.0,1805.0
lam2,7,int__tai20_15_07,1462,19,1614.0,1841.0
lam2,7,int__tai20_15_07,1462,20,1565.0,1817.0
lam2,7,int__tai20_15_07,1462,21,1697.0,1951.0
lam2,7,int__tai20_15_07,1462,22,1642.0,1893.0
lam2,7,int__tai20_15_07,1462,23,1594.0,1829.0
lam2,7,int__tai20_15_07,1462,24,1605.0,1837.0
lam2,7,int__tai20_15_07,1462,25,1567.0,1804.0
lam2,7,int__tai20_15_07,1462,26,1588.0,1816.0
lam2,7,int__tai20_15_07,1462,27,1610.0,1842.0
lam2,7,int__tai20_15_07,1462,28,1645.0,1895.0
lam2,7,int__tai20_15_07,1462,29,1559.0,1791.0
lam2,7,int__tai20_15_07,1462,30,1616.0,1842.0
lam2,7,int__tai20_15_07,1462,31,1639.0,1905.0
lam2,7,int__tai20_15_07,1462,32,1643.0,1890.0
lam2,7,int__tai20_15_07,1462,33,1560.0,1800.0
lam2,7,int__tai20_15_07,1462,34,1662.0,1921.0
lam2,7,int__tai20_15_07,1462,35,1680.0,1910.0
lam2,7,int__tai20_15_07,1462,36,1524.0,1779.0
lam2,7,int__tai20_15_07,1462,37,1644.0,1896.0
lam2,7,int__tai20_15_07,1462,38,1645.0,1899.0
lam2,7,int__tai20_15_07,1462,39,1629.0,1857.0
lam2,7,int__tai20_15_07,1462,40,1556.0,1787.0
lam2,7,int__tai20_15_07,1462,41,1621.0,1856.0
lam2,7,int__tai20_15_07,1462,42,1568.0,1812.0
lam2,7,int__tai20_15_07,1462,43,1589.0,1840.0
lam2,7,int__tai20_15_07,1462,44,1564.0,1784.0
lam2,7,int__tai20_15_07,1462,45,1579.0,1806.0
lam2,7,int__tai20_15_07,1462,46,1633.0,1883.0
lam2,7,int__tai20_15_07,1462,47,1628.0,1888.0
lam2,7,int__tai20_15_07,1462,48,1591.0,1808.0
lam2,7,int__tai20_15_07,1462,49,1561.0,1775.0
lam2,7,int__tai20_15_07,1462,50,1576.0,1800.0
lam2,7,int__tai20_15_07,1462,51,1668.0,1911.0
lam2,7,int__tai20_15_07,1462,52,1632.0,1886.0
lam2,7,int__tai20_15_07,1462,53,1598.0,1867.0
lam2,7,int__tai20_15_07,1462,54,1579.0,1834.0
lam2,7,int__tai20_15_07,1462,55,1595.0,1845.0
lam2,7,int__tai20_15_07,1462,56,1582.0,1808.0
lam2,7,int__tai20_15_07,1462,57,1520.0,1741.0
lam2,7,int__tai20_15_07,1462,58,1596.0,1810.0
lam2,7,int__tai20_15_07,1462,59,1553.0,1782.0
lam2,7,int__tai20_15_07,1462,60,1644.0,1882.0
lam2,7,int__tai20_15_07,1462,61,1689.0,1919.0
lam2,7,int__tai20_15_07,1462,62,1691.0,1889.0
lam2,7,int__tai20_15_07,1462,63,1629.0,1849.0
lam2,7,int__tai20_15_08,1377,0,1620.0,1844.0
lam2,7,int__tai20_15_08,1377,1,1560.0,1781.0
lam2,7,int__tai20_15_08,1377,2,1603.0,1823.0
lam2,7,int__tai20_15_08,1377,3,1530.0,1767.0
lam2,7,int__tai20_15_08,1377,4,1564.0,1750.0
lam2,7,int__tai20_15_08,1377,5,1657.0,1901.0
lam2,7,int__tai20_15_08,1377,6,1561.0,1822.0
lam2,7,int__tai20_15_08,1377,7,1658.0,1878.0
lam2,7,int__tai20_15_08,1377,8,1555.0,1785.0
lam2,7,int__tai20_15_08,1377,9,1658.0,1905.0
lam2,7,int__tai20_15_08,1377,10,1579.0,1840.0
lam2,7,int__tai20_15_08,1377,11,1552.0,1782.0
lam2,7,int__tai20_15_08,1377,12,1592.0,1785.0
lam2,7,int__tai20_15_08,1377,13,1521.0,1739.0
lam2,7,int__tai20_15_08,1377,14,1638.0,1836.0
lam2,7,int__tai20_15_08,1377,15,1519.0,1721.0
lam2,7,int__tai20_15_08,1377,16,1558.0,1782.0
lam2,7,int__tai20_15_08,1377,17,1525.0,1753.0
lam2,7,int__tai20_15_08,1377,18,1589.0,1825.0
lam2,7,int__tai20_15_08,1377,19,1546.0,1779.0
lam2,7,int__tai20_15_08,1377,20,1545.0,1756.0
lam2,7,int__tai20_15_08,1377,21,1553.0,1790.0
lam2,7,int__tai20_15_08,1377,22,1676.0,1937.0
lam2,7,int__tai20_15_08,1377,23,1591.0,1817.0
lam2,7,int__tai20_15_08,1377,24,1567.0,1788.0
lam2,7,int__tai20_15_08,1377,25,1572.0,1795.0
lam2,7,int__tai20_15_08,1377,26,1583.0,1785.0
lam2,7,int__tai20_15_08,1377,27,1586.0,1823.0
lam2,7,int__tai20_15_08,1377,28,1568.0,1796.0
lam2,7,int__tai20_15_08,1377,29,1569.0,1775.0
lam2,7,int__tai20_15_08,1377,30,1576.0,1779.0
lam2,7,int__tai20_15_08,1377,31,1563.0,1789.0
lam2,7,int__tai20_15_08,1377,32,1634.0,1864.0
lam2,7,int__tai20_15_08,1377,33,1543.0,1790.0
lam2,7,int__tai20_15_08,1377,34,1590.0,1815.0
lam2,7,int__tai20_15_08,1377,35,1657.0,1909.0
lam2,7,int__tai20_15_08,1377,36,1562.0,1814.0
lam2,7,int__tai20_15_08,1377,37,1590.0,1806.0
lam2,7,int__tai20_15_08,1377,38,1615.0,1823.0
lam2,7,int__tai20_15_08,1377,39,1588.0,1774.0
lam2,7,int__tai20_15_08,1377,40,1581.0,1814.0
lam2,7,int__tai20_15_08,1377,41,1569.0,1799.0
lam2,7,int__tai20_15_08,1377,42,1510.0,1751.0
lam2,7,int__tai20_15_08,1377,43,1604.0,1806.0
lam2,7,int__tai20_15_08,1377,44,1621.0,1833.0
lam2,7,int__tai20_15_08,1377,45,1569.0,1767.0
lam2,7,int__tai20_15_08,1377,46,1526.0,1764.0
lam2,7,int__tai20_15_08,1377,47,1587.0,1816.0
lam2,7,int__tai20_15_08,1377,48,1604.0,1795.0
lam2,7,int__tai20_15_08,1377,49,1582.0,1813.0
lam2,7,int__tai20_15_08,1377,50,1593.0,1810.0
lam2,7,int__tai20_15_08,1377,51,1575.0,1784.0
lam2,7,int__tai20_15_08,1377,52,1586.0,1762.0
lam2,7,int__tai20_15_08,1377,53,1600.0,1825.0
lam2,7,int__tai20_15_08,1377,54,1533.0,1752.0
lam2,7,int__tai20_15_08,1377,55,1624.0,1850.0
lam2,7,int__tai20_15_08,1377,56,1611.0,1804.0
lam2,7,int__tai20_15_08,1377,57,1588.0,1796.0
lam2,7,int__tai20_15_08,1377,58,1789.0,2027.0
lam2,7,int__tai20_15_08,1377,59,1548.0,1757.0
lam2,7,int__tai20_15_08,1377,60,1676.0,1847.0
lam2,7,int__tai20_15_08,1377,61,1572.0,1768.0
lam2,7,int__tai20_15_08,1377,62,1552.0,1824.0
lam2,7,int__tai20_15_08,1377,63,1624.0,1851.0
lam2,7,int__tai20_15_09,1332,0,1481.0,1673.0
lam2,7,int__tai20_15_09,1332,1,1457.0,1661.0
lam2,7,int__tai20_15_09,1332,2,1430.0,1643.0
lam2,7,int__tai20_15_09,1332,3,1495.0,1699.0
lam2,7,int__tai20_15_09,1332,4,1529.0,1723.0
lam2,7,int__tai20_15_09,1332,5,1471.0,1674.0
lam2,7,int__tai20_15_09,1332,6,1529.0,1741.0
lam2,7,int__tai20_15_09,1332,7,1485.0,1721.0
lam2,7,int__tai20_15_09,1332,8,1454.0,1664.0
lam2,7,int__tai20_15_09,1332,9,1501.0,1696.0
lam2,7,int__tai20_15_09,1332,10,1466.0,1666.0
lam2,7,int__tai20_15_09,1332,11,1405.0,1602.0
lam2,7,int__tai20_15_09,1332,12,1455.0,1654.0
lam2,7,int__tai20_15_09,1332,13,1609.0,1811.0
lam2,7,int__tai20_15_09,1332,14,1445.0,1650.0
lam2,7,int__tai20_15_09,1332,15,1442.0,1665.0
lam2,7,int__tai20_15_09,1332,16,1511.0,1725.0
lam2,7,int__tai20_15_09,1332,17,1452.0,1662.0
lam2,7,int__tai20_15_09,1332,18,1475.0,1671.0
lam2,7,int__tai20_15_09,1332,19,1504.0,1700.0
lam2,7,int__tai20_15_09,1332,20,1441.0,1641.0
lam2,7,int__tai20_15_09,1332,21,1492.0,1718.0
lam2,7,int__tai20_15_09,1332,22,1462.0,1695.0
lam2,7,int__tai20_15_09,1332,23,1507.0,1724.0
lam2,7,int__tai20_15_09,1332,24,1476.0,1729.0
lam2,7,int__tai20_15_09,1332,25,1517.0,1695.0
lam2,7,int__tai20_15_09,1332,26,1445.0,1640.0
lam2,7,int__tai20_15_09,1332,27,1504.0,1709.0
lam2,7,int__tai20_15_09,1332,28,1415.0,1603.0
lam2,7,int__tai20_15_09,1332,29,1449.0,1665.0
lam2,7,int__tai20_15_09,1332,30,1521.0,1729.0
lam2,7,int__tai20_15_09,1332,31,1463.0,1665.0
lam2,7,int__tai20_15_09,1332,32,1473.0,1638.0
lam2,7,int__tai20_15_09,1332,33,1461.0,1632.0
lam2,7,int__tai20_15_09,1332,34,1510.0,1724.0
lam2,7,int__tai20_15_09,1332,35,1483.0,1713.0
lam2,7,int__tai20_15_09,1332,36,1428.0,1616.0
lam2,7,int__tai20_15_09,1332,37,1482.0,1701.0
lam2,7,int__tai20_15_09,1332,38,1474.0,1703.0
lam2,7,int__tai20_15_09,1332,39,1501.0,1714.0
lam2,7,int__tai20_15_09,1332,40,1471.0,1696.0
lam2,7,int__tai20_15_09,1332,41,1527.0,1738.0
lam2,7,int__tai20_15_09,1332,42,1564.0,1789.0
lam2,7,int__tai20_15_09,1332,43,1491.0,1671.0
lam2,7,int__tai20_15_09,1332,44,1481.0,1681.0
lam2,7,int__tai20_15_09,1332,45,1494.0,1690.0
lam2,7,int__tai20_15_09,1332,46,1455.0,1647.0
lam2,7,int__tai20_15_09,1332,47,1478.0,1691.0
lam2,7,int__tai20_15_09,1332,48,1552.0,1760.0
lam2,7,int__tai20_15_09,1332,49,1457.0,1672.0
lam2,7,int__tai20_15_09,1332,50,1483.0,1693.0
lam2,7,int__tai20_15_09,1332,51,1471.0,1698.0
lam2,7,int__tai20_15_09,1332,52,1474.0,1692.0
lam2,7,int__tai20_15_09,1332,53,1429.0,1642.0
lam2,7,int__tai20_15_09,1332,54,1431.0,1644.0
lam2,7,int__tai20_15_09,1332,55,1580.0,1791.0
lam2,7,int__tai20_15_09,1332,56,1468.0,1670.0
lam2,7,int__tai20_15_09,1332,57,1467.0,1652.0
lam2,7,int__tai20_15_09,1332,58,1480.0,1685.0
lam2,7,int__tai20_15_09,1332,59,1479.0,1692.0
lam2,7,int__tai20_15_09,1332,60,1496.0,1704.0
lam2,7,int__tai20_15_09,1332,61,1448.0,1682.0
lam2,7,int__tai20_15_09,1332,62,1417.0,1632.0
lam2,7,int__tai20_15_09,1332,63,1490.0,1707.0
lam2,7,int__tai20_15_10,1348,0,1471.0,1671.0
lam2,7,int__tai20_15_10,1348,1,1430.0,1639.0
lam2,7,int__tai20_15_10,1348,2,1476.0,1687.0
lam2,7,int__tai20_15_10,1348,3,1482.0,1705.0
lam2,7,int__tai20_15_10,1348,4,1468.0,1676.0
lam2,7,int__tai20_15_10,1348,5,1603.0,1787.0
lam2,7,int__tai20_15_10,1348,6,1562.0,1778.0
lam2,7,int__tai20_15_10,1348,7,1446.0,1650.0
lam2,7,int__tai20_15_10,1348,8,1437.0,1621.0
lam2,7,int__tai20_15_10,1348,9,1506.0,1740.0
lam2,7,int__tai20_15_10,1348,10,1496.0,1698.0
lam2,7,int__tai20_15_10,1348,11,1470.0,1685.0
lam2,7,int__tai20_15_10,1348,12,1480.0,1690.0
lam2,7,int__tai20_15_10,1348,13,1564.0,1820.0
lam2,7,int__tai20_15_10,1348,14,1552.0,1756.0
lam2,7,int__tai20_15_10,1348,15,1532.0,1702.0
lam2,7,int__tai20_15_10,1348,16,1405.0,1621.0
lam2,7,int__tai20_15_10,1348,17,1543.0,1783.0
lam2,7,int__tai20_15_10,1348,18,1448.0,1668.0
lam2,7,int__tai20_15_10,1348,19,1503.0,1740.0
lam2,7,int__tai20_15_10,1348,20,1560.0,1769.0
lam2,7,int__tai20_15_10,1348,21,1565.0,1792.0
lam2,7,int__tai20_15_10,1348,22,1560.0,1784.0
lam2,7,int__tai20_15_10,1348,23,1573.0,1779.0
lam2,7,int__tai20_15_10,1348,24,1498.0,1700.0
lam2,7,int__tai20_15_10,1348,25,1543.0,1790.0
lam2,7,int__tai20_15_10,1348,26,1585.0,1767.0
lam2,7,int__tai20_15_10,1348,27,1491.0,1728.0
lam2,7,int__tai20_15_10,1348,28,1560.0,1763.0
lam2,7,int__tai20_15_10,1348,29,1472.0,1689.0
lam2,7,int__tai20_15_10,1348,30,1507.0,1732.0
lam2,7,int__tai20_15_10,1348,31,1553.0,1781.0
lam2,7,int__tai20_15_10,1348,32,1586.0,1808.0
lam2,7,int__tai20_15_10,1348,33,1533.0,1765.0
lam2,7,int__tai20_15_10,1348,34,1491.0,1703.0
lam2,7,int__tai20_15_10,1348,35,1527.0,1756.0
lam2,7,int__tai20_15_10,1348,36,1569.0,1811.0
lam2,7,int__tai20_15_10,1348,37,1486.0,1665.0
lam2,7,int__tai20_15_10,1348,38,1491.0,1666.0
lam2,7,int__tai20_15_10,1348,39,1528.0,1782.0
lam2,7,int__tai20_15_10,1348,40,1512.0,1710.0
lam2,7,int__tai20_15_10,1348,41,1523.0,1749.0
lam2,7,int__tai20_15_10,1348,42,1566.0,1800.0
lam2,7,int__tai20_15_10,1348,43,1466.0,1674.0
lam2,7,int__tai20_15_10,1348,44,1464.0,1684.0
lam2,7,int__tai20_15_10,1348,45,1506.0,1696.0
lam2,7,int__tai20_15_10,1348,46,1430.0,1665.0
lam2,7,int__tai20_15_10,1348,47,1490.0,1696.0
lam2,7,int__tai20_15_10,1348,48,1505.0,1762.0
lam2,7,int__tai20_15_10,1348,49,1509.0,1715.0
lam2,7,int__tai20_15_10,1348,50,1486.0,1720.0
lam2,7,int__tai20_15_10,1348,51,1512.0,1719.0
lam2,7,int__tai20_15_10,1348,52,1422.0,1628.0
lam2,7,int__tai20_15_10,1348,53,1518.0,1722.0
lam2,7,int__tai20_15_10,1348,54,1545.0,1759.0
lam2,7,int__tai20_15_10,1348,55,1485.0,1698.0
lam2,7,int__tai20_15_10,1348,56,1561.0,1796.0
lam2,7,int__tai20_15_10,1348,57,1513.0,1733.0
lam2,7,int__tai20_15_10,1348,58,1504.0,1725.0
lam2,7,int__tai20_15_10,1348,59,1503.0,1710.0
lam2,7,int__tai20_15_10,1348,60,1539.0,1733.0
lam2,7,int__tai20_15_10,1348,61,1515.0,1706.0
lam2,7,int__tai20_15_10,1348,62,1522.0,1762.0
lam2,7,int__tai20_15_10,1348,63,1524.0,1755.0
lam4,6,int__tai20_15_05,1339,0,1436.0,1651.0
lam4,6,int__tai20_15_05,1339,1,1500.0,1716.0
lam4,6,int__tai20_15_05,1339,2,1502.0,1703.0
lam4,6,int__tai20_15_05,1339,3,1502.0,1734.0
lam4,6,int__tai20_15_05,1339,4,1533.0,1750.0
lam4,6,int__tai20_15_05,1339,5,1564.0,1759.0
lam4,6,int__tai20_15_05,1339,6,1531.0,1751.0
lam4,6,int__tai20_15_05,1339,7,1516.0,1736.0
lam4,6,int__tai20_15_05,1339,8,1524.0,1775.0
lam4,6,int__tai20_15_05,1339,9,1456.0,1664.0
lam4,6,int__tai20_15_05,1339,10,1455.0,1650.0
lam4,6,int__tai20_15_05,1339,11,1533.0,1733.0
lam4,6,int__tai20_15_05,1339,12,1483.0,1702.0
lam4,6,int__tai20_15_05,1339,13,1531.0,1702.0
lam4,6,int__tai20_15_05,1339,14,1508.0,1735.0
lam4,6,int__tai20_15_05,1339,15,1476.0,1667.0
lam4,6,int__tai20_15_05,1339,16,1543.0,1753.0
lam4,6,int__tai20_15_05,1339,17,1475.0,1744.0
lam4,6,int__tai20_15_05,1339,18,1535.0,1752.0
lam4,6,int__tai20_15_05,1339,19,1485.0,1729.0
lam4,6,int__tai20_15_05,1339,20,1506.0,1718.0
lam4,6,int__tai20_15_05,1339,21,1488.0,1690.0
lam4,6,int__tai20_15_05,1339,22,1540.0,1766.0
lam4,6,int__tai20_15_05,1339,23,1562.0,1794.0
lam4,6,int__tai20_15_05,1339,24,1489.0,1669.0
lam4,6,int__tai20_15_05,1339,25,1497.0,1693.0
lam4,6,int__tai20_15_05,1339,26,1537.0,1746.0
lam4,6,int__tai20_15_05,1339,27,1486.0,1689.0
lam4,6,int__tai20_15_05,1339,28,1544.0,1712.0
lam4,6,int__tai20_15_05,1339,29,1496.0,1763.0
lam4,6,int__tai20_15_05,1339,30,1534.0,1742.0
lam4,6,int__tai20_15_05,1339,31,1550.0,1721.0
lam4,6,int__tai20_15_05,1339,32,1520.0,1759.0
lam4,6,int__tai20_15_05,1339,33,1487.0,1706.0
lam4,6,int__tai20_15_05,1339,34,1464.0,1679.0
lam4,6,int__tai20_15_05,1339,35,1460.0,1672.0
lam4,6,int__tai20_15_05,1339,36,1473.0,1681.0
lam4,6,int__tai20_15_05,1339,37,1509.0,1725.0
lam4,6,int__tai20_15_05,1339,38,1487.0,1684.0
lam4,6,int__tai20_15_05,1339,39,1446.0,1652.0
lam4,6,int__tai20_15_05,1339,40,1512.0,1727.0
lam4,6,int__tai20_15_05,1339,41,1509.0,1721.0
lam4,6,int__tai20_15_05,1339,42,1507.0,1711.0
lam4,6,int__tai20_15_05,1339,43,1495.0,1753.0
lam4,6,int__tai20_15_05,1339,44,1433.0,1651.0
lam4,6,int__tai20_15_05,1339,45,1571.0,1758.0
lam4,6,int__tai20_15_05,1339,46,1521.0,1702.0
lam4,6,int__tai20_15_05,1339,47,1517.0,1734.0
lam4,6,int__tai20_15_05,1339,48,1525.0,1723.0
lam4,6,int__tai20_15_05,1339,49,1571.0,1786.0
lam4,6,int__tai20_15_05,1339,50,1525.0,1714.0
lam4,6,int__tai20_15_05,1339,51,1487.0,1730.0
lam4,6,int__tai20_15_05,1339,52,1584.0,1783.0
lam4,6,int__tai20_15_05,1339,53,1484.0,1656.0
lam4,6,int__tai20_15_05,1339,54,1478.0,1684.0
lam4,6,int__tai20_15_05,1339,55,1475.0,1702.0
lam4,6,int__tai20_15_05,1339,56,1502.0,1688.0
lam4,6,int__tai20_15_05,1339,57,1493.0,1731.0
lam4,6,int__tai20_15_05,1339,58,1455.0,1662.0
lam4,6,int__tai20_15_05,1339,59,1460.0,1636.0
lam4,6,int__tai20_15_05,1339,60,1551.0,1747.0
lam4,6,int__tai20_15_05,1339,61,1545.0,1717.0
lam4,6,int__tai20_15_05,1339,62,1493.0,1689.0
lam4,6,int__tai20_15_05,1339,63,1483.0,1672.0
lam4,6,int__tai20_15_06,1360,0,1461.0,1664.0
lam4,6,int__tai20_15_06,1360,1,1507.0,1746.0
lam4,6,int__tai20_15_06,1360,2,1424.0,1624.0
lam4,6,int__tai20_15_06,1360,3,1469.0,1708.0
lam4,6,int__tai20_15_06,1360,4,1551.0,1792.0
lam4,6,int__tai20_15_06,1360,5,1461.0,1668.0
lam4,6,int__tai20_15_06,1360,6,1477.0,1681.0
lam4,6,int__tai20_15_06,1360,7,1512.0,1726.0
lam4,6,int__tai20_15_06,1360,8,1464.0,1690.0
lam4,6,int__tai20_15_06,1360,9,1501.0,1732.0
lam4,6,int__tai20_15_06,1360,10,1453.0,1687.0
lam4,6,int__tai20_15_06,1360,11,1482.0,1709.0
lam4,6,int__tai20_15_06,1360,12,1483.0,1712.0
lam4,6,int__tai20_15_06,1360,13,1506.0,1725.0
lam4,6,int__tai20_15_06,1360,14,1499.0,1715.0
lam4,6,int__tai20_15_06,1360,15,1517.0,1760.0
lam4,6,int__tai20_15_06,1360,16,1542.0,1738.0
lam4,6,int__tai20_15_06,1360,17,1453.0,1679.0
lam4,6,int__tai20_15_06,1360,18,1455.0,1684.0
lam4,6,int__tai20_15_06,1360,19,1477.0,1714.0
lam4,6,int__tai20_15_06,1360,20,1489.0,1698.0
lam4,6,int__tai20_15_06,1360,21,1565.0,1816.0
lam4,6,int__tai20_15_06,1360,22,1491.0,1735.0
lam4,6,int__tai20_15_06,1360,23,1557.0,1795.0
lam4,6,int__tai20_15_06,1360,24,1410.0,1635.0
lam4,6,int__tai20_15_06,1360,25,1624.0,1868.0
lam4,6,int__tai20_15_06,1360,26,1503.0,1705.0
lam4,6,int__tai20_15_06,1360,27,1476.0,1748.0
lam4,6,int__tai20_15_06,1360,28,1481.0,1695.0
lam4,6,int__tai20_15_06,1360,29,1449.0,1642.0
lam4,6,int__tai20_15_06,1360,30,1507.0,1733.0
lam4,6,int__tai20_15_06,1360,31,1530.0,1761.0
lam4,6,int__tai20_15_06,1360,32,1408.0,1633.0
lam4,6,int__tai20_15_06,1360,33,1545.0,1782.0
lam4,6,int__tai20_15_06,1360,34,1574.0,1847.0
lam4,6,int__tai20_15_06,1360,35,1529.0,1775.0
lam4,6,int__tai20_15_06,1360,36,1448.0,1687.0
lam4,6,int__tai20_15_06,1360,37,1456.0,1669.0
lam4,6,int__tai20_15_06,1360,38,1520.0,1756.0
lam4,6,int__tai20_15_06,1360,39,1551.0,1798.0
lam4,6,int__tai20_15_06,1360,40,1490.0,1747.0
lam4,6,int__tai20_15_06,1360,41,1555.0,1767.0
lam4,6,int__tai20_15_06,1360,42,1490.0,1713.0
lam4,6,int__tai20_15_06,1360,43,1500.0,1746.0
lam4,6,int__tai20_15_06,1360,44,1497.0,1717.0
lam4,6,int__tai20_15_06,1360,45,1520.0,1706.0
lam4,6,int__tai20_15_06,1360,46,1501.0,1663.0
lam4,6,int__tai20_15_06,1360,47,1552.0,1792.0
lam4,6,int__tai20_15_06,1360,48,1525.0,1738.0
lam4,6,int__tai20_15_06,1360,49,1496.0,1752.0
lam4,6,int__tai20_15_06,1360,50,1541.0,1776.0
lam4,6,int__tai20_15_06,1360,51,1525.0,1781.0
lam4,6,int__tai20_15_06,1360,52,1490.0,1740.0
lam4,6,int__tai20_15_06,1360,53,1521.0,1746.0
lam4,6,int__tai20_15_06,1360,54,1479.0,1739.0
lam4,6,int__tai20_15_06,1360,55,1440.0,1648.0
lam4,6,int__tai20_15_06,1360,56,1425.0,1662.0
lam4,6,int__tai20_15_06,1360,57,1468.0,1704.0
lam4,6,int__tai20_15_06,1360,58,1585.0,1830.0
lam4,6,int__tai20_15_06,1360,59,1512.0,1748.0
lam4,6,int__tai20_15_06,1360,60,1508.0,1759.0
lam4,6,int__tai20_15_06,1360,61,1445.0,1690.0
lam4,6,int__tai20_15_06,1360,62,1554.0,1779.0
lam4,6,int__tai20_15_06,1360,63,1540.0,1753.0
lam4,6,int__tai20_15_07,1462,0,1573.0,1794.0
lam4,6,int__tai20_15_07,1462,1,1604.0,1836.0
lam4,6,int__tai20_15_07,1462,2,1705.0,1906.0
lam4,6,int__tai20_15_07,1462,3,1615.0,1882.0
lam4,6,int__tai20_15_07,1462,4,1660.0,1934.0
lam4,6,int__tai20_15_07,1462,5,1608.0,1864.0
lam4,6,int__tai20_15_07,1462,6,1694.0,1987.0
lam4,6,int__tai20_15_07,1462,7,1590.0,1845.0
lam4,6,int__tai20_15_07,1462,8,1585.0,1830.0
lam4,6,int__tai20_15_07,1462,9,1610.0,1854.0
lam4,6,int__tai20_15_07,1462,10,1656.0,1890.0
lam4,6,int__tai20_15_07,1462,11,1595.0,1852.0
lam4,6,int__tai20_15_07,1462,12,1664.0,1890.0
lam4,6,int__tai20_15_07,1462,13,1543.0,1769.0
lam4,6,int__tai20_15_07,1462,14,1559.0,1777.0
lam4,6,int__tai20_15_07,1462,15,1595.0,1804.0
lam4,6,int__tai20_15_07,1462,16,1581.0,1823.0
lam4,6,int__tai20_15_07,1462,17,1625.0,1867.0
lam4,6,int__tai20_15_07,1462,18,1591.0,1851.0
lam4,6,int__tai20_15_07,1462,19,1569.0,1805.0
lam4,6,int__tai20_15_07,1462,20,1615.0,1853.0
lam4,6,int__tai20_15_07,1462,21,1677.0,1931.0
lam4,6,int__tai20_15_07,1462,22,1599.0,1809.0
lam4,6,int__tai20_15_07,1462,23,1579.0,1838.0
lam4,6,int__tai20_15_07,1462,24,1593.0,1829.0
lam4,6,int__tai20_15_07,1462,25,1588.0,1833.0
lam4,6,int__tai20_15_07,1462,26,1578.0,1836.0
lam4,6,int__tai20_15_07,1462,27,1617.0,1842.0
lam4,6,int__tai20_15_07,1462,28,1609.0,1849.0
lam4,6,int__tai20_15_07,1462,29,1564.0,1794.0
lam4,6,int__tai20_15_07,1462,30,1603.0,1811.0
lam4,6,int__tai20_15_07,1462,31,1590.0,1786.0
lam4,6,int__tai20_15_07,1462,32,1556.0,1773.0
lam4,6,int__tai20_15_07,1462,33,1632.0,1854.0
lam4,6,int__tai20_15_07,1462,34,1603.0,1833.0
lam4,6,int__tai20_15_07,1462,35,1607.0,1856.0
lam4,6,int__tai20_15_07,1462,36,1578.0,1815.0
lam4,6,int__tai20_15_07,1462,37,1644.0,1878.0
lam4,6,int__tai20_15_07,1462,38,1681.0,1929.0
lam4,6,int__tai20_15_07,1462,39,1634.0,1884.0
lam4,6,int__tai20_15_07,1462,40,1630.0,1858.0
lam4,6,int__tai20_15_07,1462,41,1618.0,1835.0
lam4,6,int__tai20_15_07,1462,42,1644.0,1875.0
lam4,6,int__tai20_15_07,1462,43,1589.0,1841.0
lam4,6,int__tai20_15_07,1462,44,1650.0,1879.0
lam4,6,int__tai20_15_07,1462,45,1594.0,1833.0
lam4,6,int__tai20_15_07,1462,46,1602.0,1804.0
lam4,6,int__tai20_15_07,1462,47,1594.0,1777.0
lam4,6,int__tai20_15_07,1462,48,1564.0,1796.0
lam4,6,int__tai20_15_07,1462,49,1629.0,1876.0
lam4,6,int__tai20_15_07,1462,50,1624.0,1816.0
lam4,6,int__tai20_15_07,1462,51,1565.0,1785.0
lam4,6,int__tai20_15_07,1462,52,1665.0,1909.0
lam4,6,int__tai20_15_07,1462,53,1681.0,1944.0
lam4,6,int__tai20_15_07,1462,54,1592.0,1818.0
lam4,6,int__tai20_15_07,1462,55,1588.0,1832.0
lam4,6,int__tai20_15_07,1462,56,1615.0,1889.0
lam4,6,int__tai20_15_07,1462,57,1639.0,1864.0
lam4,6,int__tai20_15_07,1462,58,1671.0,1945.0
lam4,6,int__tai20_15_07,1462,59,1633.0,1902.0
lam4,6,int__tai20_15_07,1462,60,1599.0,1826.0
lam4,6,int__tai20_15_07,1462,61,1660.0,1890.0
lam4,6,int__tai20_15_07,1462,62,1634.0,1878.0
lam4,6,int__tai20_15_07,1462,63,1610.0,1826.0
lam4,6,int__tai20_15_08,1377,0,1599.0,1802.0
lam4,6,int__tai20_15_08,1377,1,1562.0,1796.0
lam4,6,int__tai20_15_08,1377,2,1591.0,1809.0
lam4,6,int__tai20_15_08,1377,3,1515.0,1726.0
lam4,6,int__tai20_15_08,1377,4,1585.0,1831.0
lam4,6,int__tai20_15_08,1377,5,1551.0,1775.0
lam4,6,int__tai20_15_08,1377,6,1621.0,1856.0
lam4,6,int__tai20_15_08,1377,7,1570.0,1792.0
lam4,6,int__tai20_15_08,1377,8,1618.0,1803.0
lam4,6,int__tai20_15_08,1377,9,1630.0,1862.0
lam4,6,int__tai20_15_08,1377,10,1566.0,1793.0
lam4,6,int__tai20_15_08,1377,11,1607.0,1842.0
lam4,6,int__tai20_15_08,1377,12,1558.0,1812.0
lam4,6,int__tai20_15_08,1377,13,1585.0,1846.0
lam4,6,int__tai20_15_08,1377,14,1633.0,1873.0
lam4,6,int__tai20_15_08,1377,15,1587.0,1800.0
lam4,6,int__tai20_15_08,1377,16,1599.0,1807.0
lam4,6,int__tai20_15_08,1377,17,1528.0,1726.0
lam4,6,int__tai20_15_08,1377,18,1520.0,1765.0
lam4,6,int__tai20_15_08,1377,19,1578.0,1824.0
lam4,6,int__tai20_15_08,1377,20,1547.0,1794.0
lam4,6,int__tai20_15_08,1377,21,1550.0,1794.0
lam4,6,int__tai20_15_08,1377,22,1653.0,1879.0
lam4,6,int__tai20_15_08,1377,23,1537.0,1769.0
lam4,6,int__tai20_15_08,1377,24,1529.0,1767.0
lam4,6,int__tai20_15_08,1377,25,1602.0,1824.0
lam4,6,int__tai20_15_08,1377,26,1532.0,1758.0
lam4,6,int__tai20_15_08,1377,27,1573.0,1793.0
lam4,6,int__tai20_15_08,1377,28,1579.0,1815.0
lam4,6,int__tai20_15_08,1377,29,1577.0,1803.0
lam4,6,int__tai20_15_08,1377,30,1585.0,1798.0
lam4,6,int__tai20_15_08,1377,31,1571.0,1805.0
lam4,6,int__tai20_15_08,1377,32,1616.0,1854.0
lam4,6,int__tai20_15_08,1377,33,1595.0,1822.0
lam4,6,int__tai20_15_08,1377,34,1582.0,1808.0
lam4,6,int__tai20_15_08,1377,35,1567.0,1790.0
lam4,6,int__tai20_15_08,1377,36,1604.0,1815.0
lam4,6,int__tai20_15_08,1377,37,1586.0,1835.0
lam4,6,int__tai20_15_08,1377,38,1513.0,1725.0
lam4,6,int__tai20_15_08,1377,39,1603.0,1831.0
lam4,6,int__tai20_15_08,1377,40,1632.0,1854.0
lam4,6,int__tai20_15_08,1377,41,1592.0,1825.0
lam4,6,int__tai20_15_08,1377,42,1623.0,1818.0
lam4,6,int__tai20_15_08,1377,43,1551.0,1737.0
lam4,6,int__tai20_15_08,1377,44,1541.0,1766.0
lam4,6,int__tai20_15_08,1377,45,1516.0,1724.0
lam4,6,int__tai20_15_08,1377,46,1545.0,1772.0
lam4,6,int__tai20_15_08,1377,47,1537.0,1773.0
lam4,6,int__tai20_15_08,1377,48,1579.0,1825.0
lam4,6,int__tai20_15_08,1377,49,1555.0,1781.0
lam4,6,int__tai20_15_08,1377,50,1671.0,1905.0
lam4,6,int__tai20_15_08,1377,51,1605.0,1845.0
lam4,6,int__tai20_15_08,1377,52,1594.0,1836.0
lam4,6,int__tai20_15_08,1377,53,1609.0,1810.0
lam4,6,int__tai20_15_08,1377,54,1565.0,1797.0
lam4,6,int__tai20_15_08,1377,55,1649.0,1881.0
lam4,6,int__tai20_15_08,1377,56,1537.0,1758.0
lam4,6,int__tai20_15_08,1377,57,1668.0,1912.0
lam4,6,int__tai20_15_08,1377,58,1573.0,1812.0
lam4,6,int__tai20_15_08,1377,59,1549.0,1783.0
lam4,6,int__tai20_15_08,1377,60,1574.0,1819.0
lam4,6,int__tai20_15_08,1377,61,1591.0,1819.0
lam4,6,int__tai20_15_08,1377,62,1553.0,1764.0
lam4,6,int__tai20_15_08,1377,63,1594.0,1812.0
lam4,6,int__tai20_15_09,1332,0,1457.0,1672.0
lam4,6,int__tai20_15_09,1332,1,1439.0,1678.0
lam4,6,int__tai20_15_09,1332,2,1421.0,1645.0
lam4,6,int__tai20_15_09,1332,3,1420.0,1630.0
lam4,6,int__tai20_15_09,1332,4,1471.0,1696.0
lam4,6,int__tai20_15_09,1332,5,1407.0,1615.0
lam4,6,int__tai20_15_09,1332,6,1507.0,1696.0
lam4,6,int__tai20_15_09,1332,7,1505.0,1696.0
lam4,6,int__tai20_15_09,1332,8,1463.0,1655.0
lam4,6,int__tai20_15_09,1332,9,1444.0,1606.0
lam4,6,int__tai20_15_09,1332,10,1468.0,1690.0
lam4,6,int__tai20_15_09,1332,11,1433.0,1704.0
lam4,6,int__tai20_15_09,1332,12,1444.0,1680.0
lam4,6,int__tai20_15_09,1332,13,1487.0,1645.0
lam4,6,int__tai20_15_09,1332,14,1505.0,1749.0
lam4,6,int__tai20_15_09,1332,15,1515.0,1728.0
lam4,6,int__tai20_15_09,1332,16,1482.0,1704.0
lam4,6,int__tai20_15_09,1332,17,1491.0,1723.0
lam4,6,int__tai20_15_09,1332,18,1503.0,1712.0
lam4,6,int__tai20_15_09,1332,19,1476.0,1685.0
lam4,6,int__tai20_15_09,1332,20,1381.0,1569.0
lam4,6,int__tai20_15_09,1332,21,1405.0,1643.0
lam4,6,int__tai20_15_09,1332,22,1457.0,1655.0
lam4,6,int__tai20_15_09,1332,23,1542.0,1718.0
lam4,6,int__tai20_15_09,1332,24,1429.0,1630.0
lam4,6,int__tai20_15_09,1332,25,1437.0,1642.0
lam4,6,int__tai20_15_09,1332,26,1397.0,1611.0
lam4,6,int__tai20_15_09,1332,27,1434.0,1721.0
lam4,6,int__tai20_15_09,1332,28,1481.0,1694.0
lam4,6,int__tai20_15_09,1332,29,1523.0,1749.0
lam4,6,int__tai20_15_09,1332,30,1514.0,1752.0
lam4,6,int__tai20_15_09,1332,31,1444.0,1635.0
lam4,6,int__tai20_15_09,1332,32,1439.0,1670.0
lam4,6,int__tai20_15_09,1332,33,1439.0,1669.0
lam4,6,int__tai20_15_09,1332,34,1421.0,1625.0
lam4,6,int__tai20_15_09,1332,35,1471.0,1697.0
lam4,6,int__tai20_15_09,1332,36,1426.0,1659.0
lam4,6,int__tai20_15_09,1332,37,1387.0,1589.0
lam4,6,int__tai20_15_09,1332,38,1447.0,1685.0
lam4,6,int__tai20_15_09,1332,39,1422.0,1639.0
lam4,6,int__tai20_15_09,1332,40,1531.0,1720.0
lam4,6,int__tai20_15_09,1332,41,1418.0,1618.0
lam4,6,int__tai20_15_09,1332,42,1434.0,1625.0
lam4,6,int__tai20_15_09,1332,43,1412.0,1599.0
lam4,6,int__tai20_15_09,1332,44,1433.0,1616.0
lam4,6,int__tai20_15_09,1332,45,1411.0,1630.0
lam4,6,int__tai20_15_09,1332,46,1466.0,1682.0
lam4,6,int__tai20_15_09,1332,47,1413.0,1612.0
lam4,6,int__tai20_15_09,1332,48,1454.0,1653.0
lam4,6,int__tai20_15_09,1332,49,1522.0,1719.0
lam4,6,int__tai20_15_09,1332,50,1471.0,1657.0
lam4,6,int__tai20_15_09,1332,51,1464.0,1639.0
lam4,6,int__tai20_15_09,1332,52,1467.0,1676.0
lam4,6,int__tai20_15_09,1332,53,1444.0,1667.0
lam4,6,int__tai20_15_09,1332,54,1396.0,1608.0
lam4,6,int__tai20_15_09,1332,55,1475.0,1701.0
lam4,6,int__tai20_15_09,1332,56,1470.0,1672.0
lam4,6,int__tai20_15_09,1332,57,1445.0,1660.0
lam4,6,int__tai20_15_09,1332,58,1431.0,1650.0
lam4,6,int__tai20_15_09,1332,59,1441.0,1659.0
lam4,6,int__tai20_15_09,1332,60,1400.0,1606.0
lam4,6,int__tai20_15_09,1332,61,1476.0,1720.0
lam4,6,int__tai20_15_09,1332,62,1515.0,1714.0
lam4,6,int__tai20_15_09,1332,63,1432.0,1647.0
lam4,6,int__tai20_15_10,1348,0,1541.0,1757.0
lam4,6,int__tai20_15_10,1348,1,1456.0,1683.0
lam4,6,int__tai20_15_10,1348,2,1507.0,1730.0
lam4,6,int__tai20_15_10,1348,3,1513.0,1732.0
lam4,6,int__tai20_15_10,1348,4,1453.0,1695.0
lam4,6,int__tai20_15_10,1348,5,1619.0,1863.0
lam4,6,int__tai20_15_10,1348,6,1544.0,1732.0
lam4,6,int__tai20_15_10,1348,7,1555.0,1778.0
lam4,6,int__tai20_15_10,1348,8,1536.0,1742.0
lam4,6,int__tai20_15_10,1348,9,1525.0,1708.0
lam4,6,int__tai20_15_10,1348,10,1513.0,1714.0
lam4,6,int__tai20_15_10,1348,11,1485.0,1674.0
lam4,6,int__tai20_15_10,1348,12,1464.0,1688.0
lam4,6,int__tai20_15_10,1348,13,1558.0,1764.0
lam4,6,int__tai20_15_10,1348,14,1472.0,1709.0
lam4,6,int__tai20_15_10,1348,15,1528.0,1732.0
lam4,6,int__tai20_15_10,1348,16,1501.0,1708.0
lam4,6,int__tai20_15_10,1348,17,1440.0,1652.0
lam4,6,int__tai20_15_10,1348,18,1485.0,1706.0
lam4,6,int__tai20_15_10,1348,19,1485.0,1685.0
lam4,6,int__tai20_15_10,1348,20,1485.0,1717.0
lam4,6,int__tai20_15_10,1348,21,1499.0,1692.0
lam4,6,int__tai20_15_10,1348,22,1526.0,1730.0
lam4,6,int__tai20_15_10,1348,23,1516.0,1756.0
lam4,6,int__tai20_15_10,1348,24,1426.0,1624.0
lam4,6,int__tai20_15_10,1348,25,1573.0,1782.0
lam4,6,int__tai20_15_10,1348,26,1488.0,1694.0
lam4,6,int__tai20_15_10,1348,27,1452.0,1688.0
lam4,6,int__tai20_15_10,1348,28,1439.0,1657.0
lam4,6,int__tai20_15_10,1348,29,1507.0,1705.0
lam4,6,int__tai20_15_10,1348,30,1536.0,1723.0
lam4,6,int__tai20_15_10,1348,31,1512.0,1708.0
lam4,6,int__tai20_15_10,1348,32,1524.0,1724.0
lam4,6,int__tai20_15_10,1348,33,1479.0,1714.0
lam4,6,int__tai20_15_10,1348,34,1501.0,1666.0
lam4,6,int__tai20_15_10,1348,35,1478.0,1673.0
lam4,6,int__tai20_15_10,1348,36,1615.0,1820.0
lam4,6,int__tai20_15_10,1348,37,1582.0,1843.0
lam4,6,int__tai20_15_10,1348,38,1522.0,1739.0
lam4,6,int__tai20_15_10,1348,39,1551.0,1775.0
lam4,6,int__tai20_15_10,1348,40,1521.0,1726.0
lam4,6,int__tai20_15_10,1348,41,1525.0,1740.0
lam4,6,int__tai20_15_10,1348,42,1459.0,1675.0
lam4,6,int__tai20_15_10,1348,43,1466.0,1653.0
lam4,6,int__tai20_15_10,1348,44,1505.0,1739.0
lam4,6,int__tai20_15_10,1348,45,1551.0,1748.0
lam4,6,int__tai20_15_10,1348,46,1511.0,1727.0
lam4,6,int__tai20_15_10,1348,47,1453.0,1647.0
lam4,6,int__tai20_15_10,1348,48,1469.0,1673.0
lam4,6,int__tai20_15_10,1348,49,1498.0,1731.0
lam4,6,int__tai20_15_10,1348,50,1595.0,1804.0
lam4,6,int__tai20_15_10,1348,51,1582.0,1790.0
lam4,6,int__tai20_15_10,1348,52,1441.0,1655.0
lam4,6,int__tai20_15_10,1348,53,1447.0,1674.0
lam4,6,int__tai20_15_10,1348,54,1485.0,1686.0
lam4,6,int__tai20_15_10,1348,55,1457.0,1686.0
lam4,6,int__tai20_15_10,1348,56,1532.0,1723.0
lam4,6,int__tai20_15_10,1348,57,1520.0,1745.0
lam4,6,int__tai20_15_10,1348,58,1468.0,1708.0
lam4,6,int__tai20_15_10,1348,59,1453.0,1689.0
lam4,6,int__tai20_15_10,1348,60,1540.0,1775.0
lam4,6,int__tai20_15_10,1348,61,1475.0,1673.0
lam4,6,int__tai20_15_10,1348,62,1527.0,1765.0
lam4,6,int__tai20_15_10,1348,63,1441.0,1649.0
