instance,cls,method,width,eps_bar,rel_width,coverage
int__tai15_15_01,15_15,GP,1.0,8.8572,13.3515,1.0000
int__tai15_15_01,15_15,GP,1.2,10.1455,,1.0000
int__tai15_15_01,15_15,GP,1.4,11.5160,,1.0000
int__tai15_15_01,15_15,EST,1.0,8.3214,15.9350,1.0000
int__tai15_15_01,15_15,EST,1.2,10.4393,,1.0000
int__tai15_15_01,15_15,EST,1.4,11.8098,,1.0000
int__tai15_15_01,15_15,GT-MWKR,1.0,8.1765,14.6216,1.0000
int__tai15_15_01,15_15,GT-MWKR,1.2,10.0020,,1.0000
int__tai15_15_01,15_15,GT-MWKR,1.4,11.2482,,1.0000
int__tai15_15_01,15_15,GP-nowidth,1.0,8.6008,14.7292,1.0000
int__tai15_15_01,15_15,GP-nowidth,1.2,10.5841,,1.0000
int__tai15_15_01,15_15,GP-nowidth,1.4,11.5571,,1.0000
int__tai15_15_01,15_15,GP-rob1,1.0,5.6750,9.6543,1.0000
int__tai15_15_01,15_15,GP-rob1,1.2,6.9149,,1.0000
int__tai15_15_01,15_15,GP-rob1,1.4,8.2893,,1.0000
int__tai15_15_01,15_15,GP-rob1-nw,1.0,8.7975,14.9705,1.0000
int__tai15_15_01,15_15,GP-rob1-nw,1.2,10.5911,,1.0000
int__tai15_15_01,15_15,GP-rob1-nw,1.4,11.6926,,1.0000
int__tai15_15_01,15_15,GP-rob4,1.0,7.7568,12.1365,1.0000
int__tai15_15_01,15_15,GP-rob4,1.2,9.3885,,1.0000
int__tai15_15_01,15_15,GP-rob4,1.4,10.9225,,1.0000
int__tai15_15_02,15_15,GP,1.0,8.0312,12.6012,1.0000
int__tai15_15_02,15_15,GP,1.2,8.9315,,1.0000
int__tai15_15_02,15_15,GP,1.4,10.2443,,1.0000
int__tai15_15_02,15_15,EST,1.0,7.4098,13.8996,1.0000
int__tai15_15_02,15_15,EST,1.2,9.0194,,1.0000
int__tai15_15_02,15_15,EST,1.4,10.4119,,1.0000
int__tai15_15_02,15_15,GT-MWKR,1.0,7.9971,12.7044,1.0000
int__tai15_15_02,15_15,GT-MWKR,1.2,9.2100,,1.0000
int__tai15_15_02,15_15,GT-MWKR,1.4,10.9123,,1.0000
int__tai15_15_02,15_15,GP-nowidth,1.0,8.6958,13.8172,1.0000
int__tai15_15_02,15_15,GP-nowidth,1.2,9.8165,,1.0000
int__tai15_15_02,15_15,GP-nowidth,1.4,11.3256,,1.0000
int__tai15_15_02,15_15,GP-rob1,1.0,5.9162,9.4142,1.0000
int__tai15_15_02,15_15,GP-rob1,1.2,7.3629,,1.0000
int__tai15_15_02,15_15,GP-rob1,1.4,8.5976,,1.0000
int__tai15_15_02,15_15,GP-rob1-nw,1.0,6.7628,12.0991,1.0000
int__tai15_15_02,15_15,GP-rob1-nw,1.2,8.5882,,1.0000
int__tai15_15_02,15_15,GP-rob1-nw,1.4,10.3588,,1.0000
int__tai15_15_02,15_15,GP-rob4,1.0,5.9638,9.1877,1.0000
int__tai15_15_02,15_15,GP-rob4,1.2,6.9099,,1.0000
int__tai15_15_02,15_15,GP-rob4,1.4,8.1185,,1.0000
int__tai15_15_03,15_15,GP,1.0,6.8691,14.3217,1.0000
int__tai15_15_03,15_15,GP,1.2,7.8341,,1.0000
int__tai15_15_03,15_15,GP,1.4,9.4602,,1.0000
int__tai15_15_03,15_15,EST,1.0,6.0009,12.0333,1.0000
int__tai15_15_03,15_15,EST,1.2,7.0216,,1.0000
int__tai15_15_03,15_15,EST,1.4,8.1136,,1.0000
int__tai15_15_03,15_15,GT-MWKR,1.0,6.4256,11.2789,1.0000
int__tai15_15_03,15_15,GT-MWKR,1.2,7.6092,,1.0000
int__tai15_15_03,15_15,GT-MWKR,1.4,8.9770,,1.0000
int__tai15_15_03,15_15,GP-nowidth,1.0,5.9566,10.9778,1.0000
int__tai15_15_03,15_15,GP-nowidth,1.2,7.2487,,1.0000
int__tai15_15_03,15_15,GP-nowidth,1.4,8.0662,,1.0000
int__tai15_15_03,15_15,GP-rob1,1.0,5.2034,10.5546,1.0000
int__tai15_15_03,15_15,GP-rob1,1.2,6.1429,,1.0000
int__tai15_15_03,15_15,GP-rob1,1.4,7.1358,,1.0000
int__tai15_15_03,15_15,GP-rob1-nw,1.0,6.0759,11.1819,1.0000
int__tai15_15_03,15_15,GP-rob1-nw,1.2,7.1312,,1.0000
int__tai15_15_03,15_15,GP-rob1-nw,1.4,8.0879,,1.0000
int__tai15_15_03,15_15,GP-rob4,1.0,4.5549,8.6523,1.0000
int__tai15_15_03,15_15,GP-rob4,1.2,5.3215,,1.0000
int__tai15_15_03,15_15,GP-rob4,1.4,6.0782,,1.0000
int__tai15_15_04,15_15,GP,1.0,8.6365,12.8012,1.0000
int__tai15_15_04,15_15,GP,1.2,10.1275,,1.0000
int__tai15_15_04,15_15,GP,1.4,11.3274,,1.0000
int__tai15_15_04,15_15,EST,1.0,8.2547,15.6724,1.0000
int__tai15_15_04,15_15,EST,1.2,9.8619,,1.0000
int__tai15_15_04,15_15,EST,1.4,10.7711,,1.0000
int__tai15_15_04,15_15,GT-MWKR,1.0,8.6468,13.9287,1.0000
int__tai15_15_04,15_15,GT-MWKR,1.2,10.2550,,1.0000
int__tai15_15_04,15_15,GT-MWKR,1.4,11.9442,,1.0000
int__tai15_15_04,15_15,GP-nowidth,1.0,7.1212,12.3918,1.0000
int__tai15_15_04,15_15,GP-nowidth,1.2,8.7354,,1.0000
int__tai15_15_04,15_15,GP-nowidth,1.4,9.8965,,1.0000
int__tai15_15_04,15_15,GP-rob1,1.0,6.0582,10.0463,1.0000
int__tai15_15_04,15_15,GP-rob1,1.2,6.9194,,1.0000
int__tai15_15_04,15_15,GP-rob1,1.4,7.5490,,1.0000
int__tai15_15_04,15_15,GP-rob1-nw,1.0,7.1672,14.2450,1.0000
int__tai15_15_04,15_15,GP-rob1-nw,1.2,8.3481,,1.0000
int__tai15_15_04,15_15,GP-rob1-nw,1.4,10.4592,,1.0000
int__tai15_15_04,15_15,GP-rob4,1.0,5.3430,9.6774,1.0000
int__tai15_15_04,15_15,GP-rob4,1.2,6.2133,,1.0000
int__tai15_15_04,15_15,GP-rob4,1.4,7.2123,,1.0000
int__tai15_15_05,15_15,GP,1.0,6.0880,11.3960,1.0000
int__tai15_15_05,15_15,GP,1.2,7.0788,,1.0000
int__tai15_15_05,15_15,GP,1.4,8.7037,,1.0000
int__tai15_15_05,15_15,EST,1.0,7.1566,13.8130,1.0000
int__tai15_15_05,15_15,EST,1.2,8.3897,,1.0000
int__tai15_15_05,15_15,EST,1.4,9.8115,,1.0000
int__tai15_15_05,15_15,GT-MWKR,1.0,8.4762,14.3076,1.0000
int__tai15_15_05,15_15,GT-MWKR,1.2,10.0762,,1.0000
int__tai15_15_05,15_15,GT-MWKR,1.4,11.7057,,1.0000
int__tai15_15_05,15_15,GP-nowidth,1.0,7.1268,11.1773,1.0000
int__tai15_15_05,15_15,GP-nowidth,1.2,7.6062,,1.0000
int__tai15_15_05,15_15,GP-nowidth,1.4,8.1390,,1.0000
int__tai15_15_05,15_15,GP-rob1,1.0,5.0688,9.4280,1.0000
int__tai15_15_05,15_15,GP-rob1,1.2,6.1386,,1.0000
int__tai15_15_05,15_15,GP-rob1,1.4,7.0695,,1.0000
int__tai15_15_05,15_15,GP-rob1-nw,1.0,7.0180,10.9453,1.0000
int__tai15_15_05,15_15,GP-rob1-nw,1.2,8.6556,,1.0000
int__tai15_15_05,15_15,GP-rob1-nw,1.4,9.5408,,1.0000
int__tai15_15_05,15_15,GP-rob4,1.0,5.4757,9.7502,1.0000
int__tai15_15_05,15_15,GP-rob4,1.2,6.4581,,1.0000
int__tai15_15_05,15_15,GP-rob4,1.4,7.4994,,1.0000
int__tai15_15_06,15_15,GP,1.0,6.6084,12.9261,1.0000
int__tai15_15_06,15_15,GP,1.2,7.7714,,1.0000
int__tai15_15_06,15_15,GP,1.4,8.3658,,1.0000
int__tai15_15_06,15_15,EST,1.0,8.1367,15.6688,1.0000
int__tai15_15_06,15_15,EST,1.2,9.6104,,1.0000
int__tai15_15_06,15_15,EST,1.4,10.5948,,1.0000
int__tai15_15_06,15_15,GT-MWKR,1.0,7.4544,13.5975,1.0000
int__tai15_15_06,15_15,GT-MWKR,1.2,8.9398,,1.0000
int__tai15_15_06,15_15,GT-MWKR,1.4,10.5024,,1.0000
int__tai15_15_06,15_15,GP-nowidth,1.0,8.9147,15.8464,1.0000
int__tai15_15_06,15_15,GP-nowidth,1.2,10.9902,,1.0000
int__tai15_15_06,15_15,GP-nowidth,1.4,12.1697,,1.0000
int__tai15_15_06,15_15,GP-rob1,1.0,7.2065,13.2714,1.0000
int__tai15_15_06,15_15,GP-rob1,1.2,8.2167,,1.0000
int__tai15_15_06,15_15,GP-rob1,1.4,9.3942,,1.0000
int__tai15_15_06,15_15,GP-rob1-nw,1.0,6.7895,12.2534,1.0000
int__tai15_15_06,15_15,GP-rob1-nw,1.2,7.9297,,1.0000
int__tai15_15_06,15_15,GP-rob1-nw,1.4,8.8733,,1.0000
int__tai15_15_06,15_15,GP-rob4,1.0,7.9290,12.0160,1.0000
int__tai15_15_06,15_15,GP-rob4,1.2,9.2526,,1.0000
int__tai15_15_06,15_15,GP-rob4,1.4,11.0904,,1.0000
int__tai15_15_07,15_15,GP,1.0,9.6505,15.2355,1.0000
int__tai15_15_07,15_15,GP,1.2,10.7721,,1.0000
int__tai15_15_07,15_15,GP,1.4,12.5407,,1.0000
int__tai15_15_07,15_15,EST,1.0,8.2794,15.7107,1.0000
int__tai15_15_07,15_15,EST,1.2,10.2743,,1.0000
int__tai15_15_07,15_15,EST,1.4,11.8385,,1.0000
int__tai15_15_07,15_15,GT-MWKR,1.0,8.6071,16.4189,1.0000
int__tai15_15_07,15_15,GT-MWKR,1.2,10.0512,,1.0000
int__tai15_15_07,15_15,GT-MWKR,1.4,11.7213,,1.0000
int__tai15_15_07,15_15,GP-nowidth,1.0,8.2661,14.8173,1.0000
int__tai15_15_07,15_15,GP-nowidth,1.2,9.5669,,1.0000
int__tai15_15_07,15_15,GP-nowidth,1.4,11.8085,,1.0000
int__tai15_15_07,15_15,GP-rob1,1.0,7.0764,11.2175,1.0000
int__tai15_15_07,15_15,GP-rob1,1.2,8.8889,,1.0000
int__tai15_15_07,15_15,GP-rob1,1.4,10.2515,,1.0000
int__tai15_15_07,15_15,GP-rob1-nw,1.0,8.0008,13.7283,1.0000
int__tai15_15_07,15_15,GP-rob1-nw,1.2,9.3444,,1.0000
int__tai15_15_07,15_15,GP-rob1-nw,1.4,10.6490,,1.0000
int__tai15_15_07,15_15,GP-rob4,1.0,5.7432,8.6035,1.0000
int__tai15_15_07,15_15,GP-rob4,1.2,7.0169,,1.0000
int__tai15_15_07,15_15,GP-rob4,1.4,7.9626,,1.0000
int__tai15_15_08,15_15,GP,1.0,7.7626,14.6691,1.0000
int__tai15_15_08,15_15,GP,1.2,8.6234,,1.0000
int__tai15_15_08,15_15,GP,1.4,9.4692,,1.0000
int__tai15_15_08,15_15,EST,1.0,7.9141,14.2810,1.0000
int__tai15_15_08,15_15,EST,1.2,9.8425,,1.0000
int__tai15_15_08,15_15,EST,1.4,11.0586,,1.0000
int__tai15_15_08,15_15,GT-MWKR,1.0,6.6986,11.4398,1.0000
int__tai15_15_08,15_15,GT-MWKR,1.2,8.2039,,1.0000
int__tai15_15_08,15_15,GT-MWKR,1.4,9.9248,,1.0000
int__tai15_15_08,15_15,GP-nowidth,1.0,9.2061,13.6947,1.0000
int__tai15_15_08,15_15,GP-nowidth,1.2,10.9526,,1.0000
int__tai15_15_08,15_15,GP-nowidth,1.4,12.3414,,1.0000
int__tai15_15_08,15_15,GP-rob1,1.0,6.9413,11.2536,1.0000
int__tai15_15_08,15_15,GP-rob1,1.2,8.1446,,1.0000
int__tai15_15_08,15_15,GP-rob1,1.4,9.4476,,1.0000
int__tai15_15_08,15_15,GP-rob1-nw,1.0,7.1859,13.0186,1.0000
int__tai15_15_08,15_15,GP-rob1-nw,1.2,8.1159,,1.0000
int__tai15_15_08,15_15,GP-rob1-nw,1.4,9.5443,,1.0000
int__tai15_15_08,15_15,GP-rob4,1.0,5.2140,9.6186,1.0000
int__tai15_15_08,15_15,GP-rob4,1.2,6.4382,,1.0000
int__tai15_15_08,15_15,GP-rob4,1.4,7.2435,,1.0000
int__tai15_15_09,15_15,GP,1.0,7.5791,14.3278,1.0000
int__tai15_15_09,15_15,GP,1.2,8.9988,,1.0000
int__tai15_15_09,15_15,GP,1.4,10.2505,,1.0000
int__tai15_15_09,15_15,EST,1.0,6.7917,13.4550,1.0000
int__tai15_15_09,15_15,EST,1.2,7.8441,,1.0000
int__tai15_15_09,15_15,EST,1.4,9.0337,,1.0000
int__tai15_15_09,15_15,GT-MWKR,1.0,9.3624,16.8350,1.0000
int__tai15_15_09,15_15,GT-MWKR,1.2,11.6807,,1.0000
int__tai15_15_09,15_15,GT-MWKR,1.4,13.3688,,1.0000
int__tai15_15_09,15_15,GP-nowidth,1.0,8.5083,14.8074,1.0000
int__tai15_15_09,15_15,GP-nowidth,1.2,10.2229,,1.0000
int__tai15_15_09,15_15,GP-nowidth,1.4,11.7162,,1.0000
int__tai15_15_09,15_15,GP-rob1,1.0,7.4060,13.2124,1.0000
int__tai15_15_09,15_15,GP-rob1,1.2,8.1311,,1.0000
int__tai15_15_09,15_15,GP-rob1,1.4,8.9196,,1.0000
int__tai15_15_09,15_15,GP-rob1-nw,1.0,6.3734,12.6309,1.0000
int__tai15_15_09,15_15,GP-rob1-nw,1.2,7.4728,,1.0000
int__tai15_15_09,15_15,GP-rob1-nw,1.4,8.8920,,1.0000
int__tai15_15_09,15_15,GP-rob4,1.0,7.3734,13.7102,1.0000
int__tai15_15_09,15_15,GP-rob4,1.2,9.0474,,1.0000
int__tai15_15_09,15_15,GP-rob4,1.4,10.4083,,1.0000
int__tai15_15_10,15_15,GP,1.0,6.1822,11.2391,1.0000
int__tai15_15_10,15_15,GP,1.2,6.5670,,1.0000
int__tai15_15_10,15_15,GP,1.4,7.8914,,1.0000
int__tai15_15_10,15_15,EST,1.0,7.8329,13.9371,1.0000
int__tai15_15_10,15_15,EST,1.2,9.0352,,1.0000
int__tai15_15_10,15_15,EST,1.4,10.8598,,1.0000
int__tai15_15_10,15_15,GT-MWKR,1.0,7.3971,14.7855,1.0000
int__tai15_15_10,15_15,GT-MWKR,1.2,9.3503,,1.0000
int__tai15_15_10,15_15,GT-MWKR,1.4,10.5080,,1.0000
int__tai15_15_10,15_15,GP-nowidth,1.0,7.5371,14.1264,1.0000
int__tai15_15_10,15_15,GP-nowidth,1.2,8.8751,,1.0000
int__tai15_15_10,15_15,GP-nowidth,1.4,10.5918,,1.0000
int__tai15_15_10,15_15,GP-rob1,1.0,6.5312,9.6594,1.0000
int__tai15_15_10,15_15,GP-rob1,1.2,7.5491,,1.0000
int__tai15_15_10,15_15,GP-rob1,1.4,8.7604,,1.0000
int__tai15_15_10,15_15,GP-rob1-nw,1.0,6.9216,12.8047,1.0000
int__tai15_15_10,15_15,GP-rob1-nw,1.2,8.4827,,1.0000
int__tai15_15_10,15_15,GP-rob1-nw,1.4,9.5287,,1.0000
int__tai15_15_10,15_15,GP-rob4,1.0,5.5865,9.0515,1.0000
int__tai15_15_10,15_15,GP-rob4,1.2,7.0505,,1.0000
int__tai15_15_10,15_15,GP-rob4,1.4,8.2421,,1.0000
int__tai20_15_01,20_15,GP,1.0,7.0704,15.1145,1.0000
int__tai20_15_01,20_15,GP,1.2,8.6188,,1.0000
int__tai20_15_01,20_15,GP,1.4,10.0478,,1.0000
int__tai20_15_01,20_15,EST,1.0,6.3836,14.4340,1.0000
int__tai20_15_01,20_15,EST,1.2,7.5461,,1.0000
int__tai20_15_01,20_15,EST,1.4,8.6017,,1.0000
int__tai20_15_01,20_15,GT-MWKR,1.0,7.3550,15.1071,1.0000
int__tai20_15_01,20_15,GT-MWKR,1.2,8.5755,,1.0000
int__tai20_15_01,20_15,GT-MWKR,1.4,9.6954,,1.0000
int__tai20_15_01,20_15,GP-nowidth,1.0,7.0294,13.4476,1.0000
int__tai20_15_01,20_15,GP-nowidth,1.2,9.3939,,1.0000
int__tai20_15_01,20_15,GP-nowidth,1.4,10.4333,,1.0000
int__tai20_15_01,20_15,GP-rob1,1.0,4.6631,8.9901,1.0000
int__tai20_15_01,20_15,GP-rob1,1.2,5.6076,,1.0000
int__tai20_15_01,20_15,GP-rob1,1.4,6.1427,,1.0000
int__tai20_15_01,20_15,GP-rob1-nw,1.0,7.3415,12.9552,1.0000
int__tai20_15_01,20_15,GP-rob1-nw,1.2,8.6632,,1.0000
int__tai20_15_01,20_15,GP-rob1-nw,1.4,9.4292,,1.0000
int__tai20_15_01,20_15,GP-rob4,1.0,4.4951,8.7906,1.0000
int__tai20_15_01,20_15,GP-rob4,1.2,5.4573,,1.0000
int__tai20_15_01,20_15,GP-rob4,1.4,6.1256,,1.0000
int__tai20_15_02,20_15,GP,1.0,6.2054,10.6965,1.0000
int__tai20_15_02,20_15,GP,1.2,7.6955,,1.0000
int__tai20_15_02,20_15,GP,1.4,8.8859,,1.0000
int__tai20_15_02,20_15,EST,1.0,7.0052,14.1067,1.0000
int__tai20_15_02,20_15,EST,1.2,8.4260,,1.0000
int__tai20_15_02,20_15,EST,1.4,9.9962,,1.0000
int__tai20_15_02,20_15,GT-MWKR,1.0,6.8841,15.7609,1.0000
int__tai20_15_02,20_15,GT-MWKR,1.2,8.2828,,1.0000
int__tai20_15_02,20_15,GT-MWKR,1.4,9.4009,,1.0000
int__tai20_15_02,20_15,GP-nowidth,1.0,7.5846,12.1999,1.0000
int__tai20_15_02,20_15,GP-nowidth,1.2,8.6697,,1.0000
int__tai20_15_02,20_15,GP-nowidth,1.4,10.2042,,1.0000
int__tai20_15_02,20_15,GP-rob1,1.0,5.1866,10.1228,1.0000
int__tai20_15_02,20_15,GP-rob1,1.2,6.5577,,1.0000
int__tai20_15_02,20_15,GP-rob1,1.4,7.4322,,1.0000
int__tai20_15_02,20_15,GP-rob1-nw,1.0,6.2510,12.4228,1.0000
int__tai20_15_02,20_15,GP-rob1-nw,1.2,7.4284,,1.0000
int__tai20_15_02,20_15,GP-rob1-nw,1.4,8.4939,,1.0000
int__tai20_15_02,20_15,GP-rob4,1.0,4.8549,9.0909,1.0000
int__tai20_15_02,20_15,GP-rob4,1.2,5.5618,,1.0000
int__tai20_15_02,20_15,GP-rob4,1.4,6.6404,,1.0000
int__tai20_15_03,20_15,GP,1.0,7.7243,14.7978,1.0000
int__tai20_15_03,20_15,GP,1.2,8.6808,,1.0000
int__tai20_15_03,20_15,GP,1.4,9.8046,,1.0000
int__tai20_15_03,20_15,EST,1.0,6.2987,13.3457,1.0000
int__tai20_15_03,20_15,EST,1.2,7.5780,,1.0000
int__tai20_15_03,20_15,EST,1.4,8.3407,,1.0000
int__tai20_15_03,20_15,GT-MWKR,1.0,8.0839,16.1432,1.0000
int__tai20_15_03,20_15,GT-MWKR,1.2,9.8178,,1.0000
int__tai20_15_03,20_15,GT-MWKR,1.4,10.8945,,1.0000
int__tai20_15_03,20_15,GP-nowidth,1.0,6.4290,12.9235,1.0000
int__tai20_15_03,20_15,GP-nowidth,1.2,7.9538,,1.0000
int__tai20_15_03,20_15,GP-nowidth,1.4,9.1415,,1.0000
int__tai20_15_03,20_15,GP-rob1,1.0,4.6133,9.1868,1.0000
int__tai20_15_03,20_15,GP-rob1,1.2,5.6423,,1.0000
int__tai20_15_03,20_15,GP-rob1,1.4,6.1553,,1.0000
int__tai20_15_03,20_15,GP-rob1-nw,1.0,5.9408,12.7445,1.0000
int__tai20_15_03,20_15,GP-rob1-nw,1.2,6.4170,,1.0000
int__tai20_15_03,20_15,GP-rob1-nw,1.4,7.4176,,1.0000
int__tai20_15_03,20_15,GP-rob4,1.0,5.2334,8.8745,1.0000
int__tai20_15_03,20_15,GP-rob4,1.2,6.0541,,1.0000
int__tai20_15_03,20_15,GP-rob4,1.4,6.9834,,1.0000
int__tai20_15_04,20_15,GP,1.0,7.1590,13.2020,1.0000
int__tai20_15_04,20_15,GP,1.2,9.0451,,1.0000
int__tai20_15_04,20_15,GP,1.4,10.8704,,1.0000
int__tai20_15_04,20_15,EST,1.0,6.2927,12.6299,1.0000
int__tai20_15_04,20_15,EST,1.2,7.7982,,1.0000
int__tai20_15_04,20_15,EST,1.4,8.9053,,1.0000
int__tai20_15_04,20_15,GT-MWKR,1.0,6.7478,12.8440,1.0000
int__tai20_15_04,20_15,GT-MWKR,1.2,7.8720,,1.0000
int__tai20_15_04,20_15,GT-MWKR,1.4,8.8822,,1.0000
int__tai20_15_04,20_15,GP-nowidth,1.0,6.7802,13.8472,1.0000
int__tai20_15_04,20_15,GP-nowidth,1.2,8.2967,,1.0000
int__tai20_15_04,20_15,GP-nowidth,1.4,9.5674,,1.0000
int__tai20_15_04,20_15,GP-rob1,1.0,3.5349,7.6561,1.0000
int__tai20_15_04,20_15,GP-rob1,1.2,4.3803,,1.0000
int__tai20_15_04,20_15,GP-rob1,1.4,5.1729,,1.0000
int__tai20_15_04,20_15,GP-rob1-nw,1.0,6.9211,12.8514,1.0000
int__tai20_15_04,20_15,GP-rob1-nw,1.2,8.6303,,1.0000
int__tai20_15_04,20_15,GP-rob1-nw,1.4,10.0866,,1.0000
int__tai20_15_04,20_15,GP-rob4,1.0,5.2631,9.2545,1.0000
int__tai20_15_04,20_15,GP-rob4,1.2,6.7205,,1.0000
int__tai20_15_04,20_15,GP-rob4,1.4,7.6865,,1.0000
int__tai20_15_05,20_15,GP,1.0,6.2739,12.8041,1.0000
int__tai20_15_05,20_15,GP,1.2,7.1166,,1.0000
int__tai20_15_05,20_15,GP,1.4,8.3377,,1.0000
int__tai20_15_05,20_15,EST,1.0,6.7587,15.1752,1.0000
int__tai20_15_05,20_15,EST,1.2,7.8556,,1.0000
int__tai20_15_05,20_15,EST,1.4,8.9390,,1.0000
int__tai20_15_05,20_15,GT-MWKR,1.0,7.5698,14.4695,1.0000
int__tai20_15_05,20_15,GT-MWKR,1.2,8.9369,,1.0000
int__tai20_15_05,20_15,GT-MWKR,1.4,10.3276,,1.0000
int__tai20_15_05,20_15,GP-nowidth,1.0,7.4037,15.2522,1.0000
int__tai20_15_05,20_15,GP-nowidth,1.2,9.2698,,1.0000
int__tai20_15_05,20_15,GP-nowidth,1.4,10.5392,,1.0000
int__tai20_15_05,20_15,GP-rob1,1.0,5.6328,9.8584,1.0000
int__tai20_15_05,20_15,GP-rob1,1.2,6.9019,,1.0000
int__tai20_15_05,20_15,GP-rob1,1.4,7.7377,,1.0000
int__tai20_15_05,20_15,GP-rob1-nw,1.0,6.5521,12.8906,1.0000
int__tai20_15_05,20_15,GP-rob1-nw,1.2,7.4059,,1.0000
int__tai20_15_05,20_15,GP-rob1-nw,1.4,8.6783,,1.0000
int__tai20_15_05,20_15,GP-rob4,1.0,5.4903,9.8272,1.0000
int__tai20_15_05,20_15,GP-rob4,1.2,6.8660,,1.0000
int__tai20_15_05,20_15,GP-rob4,1.4,7.5549,,1.0000
int__tai20_15_06,20_15,GP,1.0,6.2294,13.4267,1.0000
int__tai20_15_06,20_15,GP,1.2,7.5397,,1.0000
int__tai20_15_06,20_15,GP,1.4,8.6116,,1.0000
int__tai20_15_06,20_15,EST,1.0,6.1844,13.4684,1.0000
int__tai20_15_06,20_15,EST,1.2,7.7222,,1.0000
int__tai20_15_06,20_15,EST,1.4,9.0300,,1.0000
int__tai20_15_06,20_15,GT-MWKR,1.0,8.0531,14.7010,1.0000
int__tai20_15_06,20_15,GT-MWKR,1.2,8.9960,,1.0000
int__tai20_15_06,20_15,GT-MWKR,1.4,10.6623,,1.0000
int__tai20_15_06,20_15,GP-nowidth,1.0,8.6298,16.5320,1.0000
int__tai20_15_06,20_15,GP-nowidth,1.2,9.7003,,1.0000
int__tai20_15_06,20_15,GP-nowidth,1.4,11.2940,,1.0000
int__tai20_15_06,20_15,GP-rob1,1.0,6.6614,11.9144,1.0000
int__tai20_15_06,20_15,GP-rob1,1.2,7.8386,,1.0000
int__tai20_15_06,20_15,GP-rob1,1.4,8.6095,,1.0000
int__tai20_15_06,20_15,GP-rob1-nw,1.0,6.7020,13.3581,1.0000
int__tai20_15_06,20_15,GP-rob1-nw,1.2,7.9327,,1.0000
int__tai20_15_06,20_15,GP-rob1-nw,1.4,8.7832,,1.0000
int__tai20_15_06,20_15,GP-rob4,1.0,5.9499,10.6667,1.0000
int__tai20_15_06,20_15,GP-rob4,1.2,7.1941,,1.0000
int__tai20_15_06,20_15,GP-rob4,1.4,8.8018,,1.0000
int__tai20_15_07,20_15,GP,1.0,6.6281,13.0369,1.0000
int__tai20_15_07,20_15,GP,1.2,7.7469,,1.0000
int__tai20_15_07,20_15,GP,1.4,8.4039,,1.0000
int__tai20_15_07,20_15,EST,1.0,6.1926,13.9074,1.0000
int__tai20_15_07,20_15,EST,1.2,7.4180,,1.0000
int__tai20_15_07,20_15,EST,1.4,7.5906,,1.0000
int__tai20_15_07,20_15,GT-MWKR,1.0,7.2615,14.4102,1.0000
int__tai20_15_07,20_15,GT-MWKR,1.2,8.5602,,1.0000
int__tai20_15_07,20_15,GT-MWKR,1.4,9.7961,,1.0000
int__tai20_15_07,20_15,GP-nowidth,1.0,7.1292,13.5725,1.0000
int__tai20_15_07,20_15,GP-nowidth,1.2,8.2319,,1.0000
int__tai20_15_07,20_15,GP-nowidth,1.4,10.3146,,1.0000
int__tai20_15_07,20_15,GP-rob1,1.0,5.5879,12.2631,1.0000
int__tai20_15_07,20_15,GP-rob1,1.2,6.4751,,1.0000
int__tai20_15_07,20_15,GP-rob1,1.4,7.4804,,1.0000
int__tai20_15_07,20_15,GP-rob1-nw,1.0,6.4356,13.0719,1.0000
int__tai20_15_07,20_15,GP-rob1-nw,1.2,7.1909,,1.0000
int__tai20_15_07,20_15,GP-rob1-nw,1.4,8.2794,,1.0000
int__tai20_15_07,20_15,GP-rob4,1.0,6.0056,11.0228,1.0000
int__tai20_15_07,20_15,GP-rob4,1.2,6.7669,,1.0000
int__tai20_15_07,20_15,GP-rob4,1.4,8.2880,,1.0000
int__tai20_15_08,20_15,GP,1.0,6.6981,13.4587,1.0000
int__tai20_15_08,20_15,GP,1.2,7.8540,,1.0000
int__tai20_15_08,20_15,GP,1.4,8.6192,,1.0000
int__tai20_15_08,20_15,EST,1.0,5.9821,14.0874,1.0000
int__tai20_15_08,20_15,EST,1.2,7.0717,,1.0000
int__tai20_15_08,20_15,EST,1.4,7.7055,,1.0000
int__tai20_15_08,20_15,GT-MWKR,1.0,6.6088,13.0028,1.0000
int__tai20_15_08,20_15,GT-MWKR,1.2,7.6936,,1.0000
int__tai20_15_08,20_15,GT-MWKR,1.4,8.8731,,1.0000
int__tai20_15_08,20_15,GP-nowidth,1.0,5.8843,13.7751,1.0000
int__tai20_15_08,20_15,GP-nowidth,1.2,7.4782,,1.0000
int__tai20_15_08,20_15,GP-nowidth,1.4,8.3864,,1.0000
int__tai20_15_08,20_15,GP-rob1,1.0,4.6313,9.0521,1.0000
int__tai20_15_08,20_15,GP-rob1,1.2,5.2164,,1.0000
int__tai20_15_08,20_15,GP-rob1,1.4,6.0363,,1.0000
int__tai20_15_08,20_15,GP-rob1-nw,1.0,6.5550,13.6773,1.0000
int__tai20_15_08,20_15,GP-rob1-nw,1.2,7.4860,,1.0000
int__tai20_15_08,20_15,GP-rob1-nw,1.4,8.8274,,1.0000
int__tai20_15_08,20_15,GP-rob4,1.0,3.6138,7.4349,1.0000
int__tai20_15_08,20_15,GP-rob4,1.2,4.4608,,1.0000
int__tai20_15_08,20_15,GP-rob4,1.4,5.2480,,1.0000
int__tai20_15_09,20_15,GP,1.0,6.7781,12.3241,1.0000
int__tai20_15_09,20_15,GP,1.2,7.9261,,1.0000
int__tai20_15_09,20_15,GP,1.4,8.8855,,1.0000
int__tai20_15_09,20_15,EST,1.0,6.3934,13.5393,1.0000
int__tai20_15_09,20_15,EST,1.2,7.6426,,1.0000
int__tai20_15_09,20_15,EST,1.4,8.6879,,1.0000
int__tai20_15_09,20_15,GT-MWKR,1.0,7.5209,14.5718,1.0000
int__tai20_15_09,20_15,GT-MWKR,1.2,9.4058,,1.0000
int__tai20_15_09,20_15,GT-MWKR,1.4,10.4085,,1.0000
int__tai20_15_09,20_15,GP-nowidth,1.0,6.5684,13.1926,1.0000
int__tai20_15_09,20_15,GP-nowidth,1.2,7.1038,,1.0000
int__tai20_15_09,20_15,GP-nowidth,1.4,8.3537,,1.0000
int__tai20_15_09,20_15,GP-rob1,1.0,5.8340,10.6796,1.0000
int__tai20_15_09,20_15,GP-rob1,1.2,7.1418,,1.0000
int__tai20_15_09,20_15,GP-rob1,1.4,8.6421,,1.0000
int__tai20_15_09,20_15,GP-rob1-nw,1.0,7.4877,12.8800,1.0000
int__tai20_15_09,20_15,GP-rob1-nw,1.2,9.1992,,1.0000
int__tai20_15_09,20_15,GP-rob1-nw,1.4,10.0362,,1.0000
int__tai20_15_09,20_15,GP-rob4,1.0,5.2966,9.9970,1.0000
int__tai20_15_09,20_15,GP-rob4,1.2,6.3856,,1.0000
int__tai20_15_09,20_15,GP-rob4,1.4,7.5178,,1.0000
int__tai20_15_10,20_15,GP,1.0,6.6275,12.5685,1.0000
int__tai20_15_10,20_15,GP,1.2,7.4657,,1.0000
int__tai20_15_10,20_15,GP,1.4,8.2298,,1.0000
int__tai20_15_10,20_15,EST,1.0,7.1285,16.0346,1.0000
int__tai20_15_10,20_15,EST,1.2,8.6210,,1.0000
int__tai20_15_10,20_15,EST,1.4,10.0086,,1.0000
int__tai20_15_10,20_15,GT-MWKR,1.0,7.1304,13.6839,1.0000
int__tai20_15_10,20_15,GT-MWKR,1.2,8.7663,,1.0000
int__tai20_15_10,20_15,GT-MWKR,1.4,10.0523,,1.0000
int__tai20_15_10,20_15,GP-nowidth,1.0,5.3300,11.3065,1.0000
int__tai20_15_10,20_15,GP-nowidth,1.2,6.1429,,1.0000
int__tai20_15_10,20_15,GP-nowidth,1.4,6.9249,,1.0000
int__tai20_15_10,20_15,GP-rob1,1.0,4.1541,9.4058,1.0000
int__tai20_15_10,20_15,GP-rob1,1.2,5.0726,,1.0000
int__tai20_15_10,20_15,GP-rob1,1.4,5.9634,,1.0000
int__tai20_15_10,20_15,GP-rob1-nw,1.0,5.5782,11.6473,1.0000
int__tai20_15_10,20_15,GP-rob1-nw,1.2,6.7302,,1.0000
int__tai20_15_10,20_15,GP-rob1-nw,1.4,7.0823,,1.0000
int__tai20_15_10,20_15,GP-rob4,1.0,5.4325,10.1466,1.0000
int__tai20_15_10,20_15,GP-rob4,1.2,6.5564,,1.0000
int__tai20_15_10,20_15,GP-rob4,1.4,7.4218,,1.0000
int__tai20_20_01,20_20,GP,1.0,5.0820,10.3343,1.0000
int__tai20_20_01,20_20,GP,1.2,5.8056,,1.0000
int__tai20_20_01,20_20,GP,1.4,6.8671,,1.0000
int__tai20_20_01,20_20,EST,1.0,5.1613,12.1406,1.0000
int__tai20_20_01,20_20,EST,1.2,5.9575,,1.0000
int__tai20_20_01,20_20,EST,1.4,6.9831,,1.0000
int__tai20_20_01,20_20,GT-MWKR,1.0,6.9066,14.4114,1.0000
int__tai20_20_01,20_20,GT-MWKR,1.2,7.8386,,1.0000
int__tai20_20_01,20_20,GT-MWKR,1.4,8.9627,,1.0000
int__tai20_20_01,20_20,GP-nowidth,1.0,6.4055,12.6885,1.0000
int__tai20_20_01,20_20,GP-nowidth,1.2,7.1473,,1.0000
int__tai20_20_01,20_20,GP-nowidth,1.4,8.8635,,1.0000
int__tai20_20_01,20_20,GP-rob1,1.0,4.9289,7.9412,1.0000
int__tai20_20_01,20_20,GP-rob1,1.2,6.0891,,1.0000
int__tai20_20_01,20_20,GP-rob1,1.4,6.8740,,1.0000
int__tai20_20_01,20_20,GP-rob1-nw,1.0,4.2827,9.6135,1.0000
int__tai20_20_01,20_20,GP-rob1-nw,1.2,5.1814,,1.0000
int__tai20_20_01,20_20,GP-rob1-nw,1.4,6.4241,,1.0000
int__tai20_20_01,20_20,GP-rob4,1.0,3.3246,6.0716,1.0000
int__tai20_20_01,20_20,GP-rob4,1.2,3.6722,,1.0000
int__tai20_20_01,20_20,GP-rob4,1.4,4.0923,,1.0000
int__tai20_20_02,20_20,GP,1.0,6.8417,13.8571,1.0000
int__tai20_20_02,20_20,GP,1.2,7.6540,,1.0000
int__tai20_20_02,20_20,GP,1.4,8.6816,,1.0000
int__tai20_20_02,20_20,EST,1.0,5.9009,12.8416,1.0000
int__tai20_20_02,20_20,EST,1.2,6.7002,,1.0000
int__tai20_20_02,20_20,EST,1.4,7.6610,,1.0000
int__tai20_20_02,20_20,GT-MWKR,1.0,5.7278,14.0514,1.0000
int__tai20_20_02,20_20,GT-MWKR,1.2,7.4281,,1.0000
int__tai20_20_02,20_20,GT-MWKR,1.4,8.3680,,1.0000
int__tai20_20_02,20_20,GP-nowidth,1.0,5.7020,10.8561,1.0000
int__tai20_20_02,20_20,GP-nowidth,1.2,6.5887,,1.0000
int__tai20_20_02,20_20,GP-nowidth,1.4,7.2929,,1.0000
int__tai20_20_02,20_20,GP-rob1,1.0,5.1352,9.4312,1.0000
int__tai20_20_02,20_20,GP-rob1,1.2,5.6770,,1.0000
int__tai20_20_02,20_20,GP-rob1,1.4,6.7163,,1.0000
int__tai20_20_02,20_20,GP-rob1-nw,1.0,5.7306,11.6081,1.0000
int__tai20_20_02,20_20,GP-rob1-nw,1.2,7.2394,,1.0000
int__tai20_20_02,20_20,GP-rob1-nw,1.4,7.6878,,1.0000
int__tai20_20_02,20_20,GP-rob4,1.0,5.1254,11.3335,1.0000
int__tai20_20_02,20_20,GP-rob4,1.2,5.9700,,1.0000
int__tai20_20_02,20_20,GP-rob4,1.4,7.1980,,1.0000
int__tai20_20_03,20_20,GP,1.0,4.5463,8.5594,1.0000
int__tai20_20_03,20_20,GP,1.2,5.2249,,1.0000
int__tai20_20_03,20_20,GP,1.4,6.3802,,1.0000
int__tai20_20_03,20_20,EST,1.0,5.8676,12.3616,1.0000
int__tai20_20_03,20_20,EST,1.2,7.3465,,1.0000
int__tai20_20_03,20_20,EST,1.4,8.5686,,1.0000
int__tai20_20_03,20_20,GT-MWKR,1.0,6.4871,11.1977,1.0000
int__tai20_20_03,20_20,GT-MWKR,1.2,7.5150,,1.0000
int__tai20_20_03,20_20,GT-MWKR,1.4,8.6272,,1.0000
int__tai20_20_03,20_20,GP-nowidth,1.0,4.8052,10.4324,1.0000
int__tai20_20_03,20_20,GP-nowidth,1.2,5.8993,,1.0000
int__tai20_20_03,20_20,GP-nowidth,1.4,6.4755,,1.0000
int__tai20_20_03,20_20,GP-rob1,1.0,4.0138,8.5353,1.0000
int__tai20_20_03,20_20,GP-rob1,1.2,4.8194,,1.0000
int__tai20_20_03,20_20,GP-rob1,1.4,5.2281,,1.0000
int__tai20_20_03,20_20,GP-rob1-nw,1.0,4.5018,9.1156,1.0000
int__tai20_20_03,20_20,GP-rob1-nw,1.2,5.2212,,1.0000
int__tai20_20_03,20_20,GP-rob1-nw,1.4,6.3991,,1.0000
int__tai20_20_03,20_20,GP-rob4,1.0,4.3842,8.4758,1.0000
int__tai20_20_03,20_20,GP-rob4,1.2,5.1729,,1.0000
int__tai20_20_03,20_20,GP-rob4,1.4,5.7642,,1.0000
int__tai20_20_04,20_20,GP,1.0,6.6183,12.6933,1.0000
int__tai20_20_04,20_20,GP,1.2,7.7276,,1.0000
int__tai20_20_04,20_20,GP,1.4,8.7046,,1.0000
int__tai20_20_04,20_20,EST,1.0,6.1595,12.5341,1.0000
int__tai20_20_04,20_20,EST,1.2,7.3167,,1.0000
int__tai20_20_04,20_20,EST,1.4,8.9947,,1.0000
int__tai20_20_04,20_20,GT-MWKR,1.0,6.6680,13.9558,1.0000
int__tai20_20_04,20_20,GT-MWKR,1.2,7.9621,,1.0000
int__tai20_20_04,20_20,GT-MWKR,1.4,9.0486,,1.0000
int__tai20_20_04,20_20,GP-nowidth,1.0,5.0285,11.2406,1.0000
int__tai20_20_04,20_20,GP-nowidth,1.2,6.0967,,1.0000
int__tai20_20_04,20_20,GP-nowidth,1.4,6.8068,,1.0000
int__tai20_20_04,20_20,GP-rob1,1.0,4.2243,8.2972,1.0000
int__tai20_20_04,20_20,GP-rob1,1.2,5.0270,,1.0000
int__tai20_20_04,20_20,GP-rob1,1.4,5.5254,,1.0000
int__tai20_20_04,20_20,GP-rob1-nw,1.0,6.1763,13.0412,1.0000
int__tai20_20_04,20_20,GP-rob1-nw,1.2,7.1393,,1.0000
int__tai20_20_04,20_20,GP-rob1-nw,1.4,8.4591,,1.0000
int__tai20_20_04,20_20,GP-rob4,1.0,4.1651,8.6507,1.0000
int__tai20_20_04,20_20,GP-rob4,1.2,5.4108,,1.0000
int__tai20_20_04,20_20,GP-rob4,1.4,6.2076,,1.0000
int__tai20_20_05,20_20,GP,1.0,5.2285,11.9978,1.0000
int__tai20_20_05,20_20,GP,1.2,6.3039,,1.0000
int__tai20_20_05,20_20,GP,1.4,7.5939,,1.0000
int__tai20_20_05,20_20,EST,1.0,6.4374,13.1220,1.0000
int__tai20_20_05,20_20,EST,1.2,7.5677,,1.0000
int__tai20_20_05,20_20,EST,1.4,9.5829,,1.0000
int__tai20_20_05,20_20,GT-MWKR,1.0,6.2387,12.1823,1.0000
int__tai20_20_05,20_20,GT-MWKR,1.2,7.6434,,1.0000
int__tai20_20_05,20_20,GT-MWKR,1.4,8.4342,,1.0000
int__tai20_20_05,20_20,GP-nowidth,1.0,6.7199,12.3228,1.0000
int__tai20_20_05,20_20,GP-nowidth,1.2,8.4576,,1.0000
int__tai20_20_05,20_20,GP-nowidth,1.4,9.7102,,1.0000
int__tai20_20_05,20_20,GP-rob1,1.0,4.8541,9.1329,1.0000
int__tai20_20_05,20_20,GP-rob1,1.2,5.8260,,1.0000
int__tai20_20_05,20_20,GP-rob1,1.4,6.9375,,1.0000
int__tai20_20_05,20_20,GP-rob1-nw,1.0,5.4045,11.9967,1.0000
int__tai20_20_05,20_20,GP-rob1-nw,1.2,6.1638,,1.0000
int__tai20_20_05,20_20,GP-rob1-nw,1.4,7.1234,,1.0000
int__tai20_20_05,20_20,GP-rob4,1.0,4.2072,9.4241,1.0000
int__tai20_20_05,20_20,GP-rob4,1.2,5.0911,,1.0000
int__tai20_20_05,20_20,GP-rob4,1.4,6.0230,,1.0000
int__tai20_20_06,20_20,GP,1.0,5.4469,11.1937,1.0000
int__tai20_20_06,20_20,GP,1.2,6.4753,,1.0000
int__tai20_20_06,20_20,GP,1.4,7.5865,,1.0000
int__tai20_20_06,20_20,EST,1.0,5.8067,12.0599,1.0000
int__tai20_20_06,20_20,EST,1.2,6.8764,,1.0000
int__tai20_20_06,20_20,EST,1.4,7.6559,,1.0000
int__tai20_20_06,20_20,GT-MWKR,1.0,5.8624,11.2123,1.0000
int__tai20_20_06,20_20,GT-MWKR,1.2,7.4997,,1.0000
int__tai20_20_06,20_20,GT-MWKR,1.4,8.6255,,1.0000
int__tai20_20_06,20_20,GP-nowidth,1.0,5.6848,10.5040,1.0000
int__tai20_20_06,20_20,GP-nowidth,1.2,6.8505,,1.0000
int__tai20_20_06,20_20,GP-nowidth,1.4,8.3261,,1.0000
int__tai20_20_06,20_20,GP-rob1,1.0,4.9283,8.6059,1.0000
int__tai20_20_06,20_20,GP-rob1,1.2,5.3803,,1.0000
int__tai20_20_06,20_20,GP-rob1,1.4,5.7255,,1.0000
int__tai20_20_06,20_20,GP-rob1-nw,1.0,5.9586,12.6449,1.0000
int__tai20_20_06,20_20,GP-rob1-nw,1.2,6.7147,,1.0000
int__tai20_20_06,20_20,GP-rob1-nw,1.4,7.1184,,1.0000
int__tai20_20_06,20_20,GP-rob4,1.0,5.4409,9.8490,1.0000
int__tai20_20_06,20_20,GP-rob4,1.2,6.6399,,1.0000
int__tai20_20_06,20_20,GP-rob4,1.4,7.3783,,1.0000
int__tai20_20_07,20_20,GP,1.0,4.0006,9.5713,1.0000
int__tai20_20_07,20_20,GP,1.2,4.8547,,1.0000
int__tai20_20_07,20_20,GP,1.4,5.7307,,1.0000
int__tai20_20_07,20_20,EST,1.0,4.8788,11.8264,1.0000
int__tai20_20_07,20_20,EST,1.2,5.9115,,1.0000
int__tai20_20_07,20_20,EST,1.4,6.8228,,1.0000
int__tai20_20_07,20_20,GT-MWKR,1.0,5.7206,12.8406,1.0000
int__tai20_20_07,20_20,GT-MWKR,1.2,6.7895,,1.0000
int__tai20_20_07,20_20,GT-MWKR,1.4,7.9589,,1.0000
int__tai20_20_07,20_20,GP-nowidth,1.0,5.2009,9.9823,1.0000
int__tai20_20_07,20_20,GP-nowidth,1.2,5.5795,,1.0000
int__tai20_20_07,20_20,GP-nowidth,1.4,6.6879,,1.0000
int__tai20_20_07,20_20,GP-rob1,1.0,4.2816,8.6338,1.0000
int__tai20_20_07,20_20,GP-rob1,1.2,4.7034,,1.0000
int__tai20_20_07,20_20,GP-rob1,1.4,5.3785,,1.0000
int__tai20_20_07,20_20,GP-rob1-nw,1.0,4.7009,9.7832,1.0000
int__tai20_20_07,20_20,GP-rob1-nw,1.2,5.0847,,1.0000
int__tai20_20_07,20_20,GP-rob1-nw,1.4,5.8318,,1.0000
int__tai20_20_07,20_20,GP-rob4,1.0,3.7884,6.5973,1.0000
int__tai20_20_07,20_20,GP-rob4,1.2,4.7047,,1.0000
int__tai20_20_07,20_20,GP-rob4,1.4,5.5790,,1.0000
int__tai20_20_08,20_20,GP,1.0,5.0639,10.9878,1.0000
int__tai20_20_08,20_20,GP,1.2,5.4757,,1.0000
int__tai20_20_08,20_20,GP,1.4,6.1291,,1.0000
int__tai20_20_08,20_20,EST,1.0,7.2704,13.6312,1.0000
int__tai20_20_08,20_20,EST,1.2,8.8486,,1.0000
int__tai20_20_08,20_20,EST,1.4,9.5851,,1.0000
int__tai20_20_08,20_20,GT-MWKR,1.0,7.1662,12.7953,1.0000
int__tai20_20_08,20_20,GT-MWKR,1.2,7.9678,,1.0000
int__tai20_20_08,20_20,GT-MWKR,1.4,9.0134,,1.0000
int__tai20_20_08,20_20,GP-nowidth,1.0,6.2723,12.9171,1.0000
int__tai20_20_08,20_20,GP-nowidth,1.2,7.3046,,1.0000
int__tai20_20_08,20_20,GP-nowidth,1.4,8.8222,,1.0000
int__tai20_20_08,20_20,GP-rob1,1.0,3.9411,7.1571,1.0000
int__tai20_20_08,20_20,GP-rob1,1.2,4.5117,,1.0000
int__tai20_20_08,20_20,GP-rob1,1.4,4.9519,,1.0000
int__tai20_20_08,20_20,GP-rob1-nw,1.0,5.2216,11.9061,1.0000
int__tai20_20_08,20_20,GP-rob1-nw,1.2,6.2424,,1.0000
int__tai20_20_08,20_20,GP-rob1-nw,1.4,7.2706,,1.0000
int__tai20_20_08,20_20,GP-rob4,1.0,4.4502,7.7091,1.0000
int__tai20_20_08,20_20,GP-rob4,1.2,4.8161,,1.0000
int__tai20_20_08,20_20,GP-rob4,1.4,5.2271,,1.0000
int__tai20_20_09,20_20,GP,1.0,5.6389,9.5392,1.0000
int__tai20_20_09,20_20,GP,1.2,6.3147,,1.0000
int__tai20_20_09,20_20,GP,1.4,7.6001,,1.0000
int__tai20_20_09,20_20,EST,1.0,6.3924,14.0721,1.0000
int__tai20_20_09,20_20,EST,1.2,8.5862,,1.0000
int__tai20_20_09,20_20,EST,1.4,9.3767,,1.0000
int__tai20_20_09,20_20,GT-MWKR,1.0,6.3528,12.8739,1.0000
int__tai20_20_09,20_20,GT-MWKR,1.2,7.4663,,1.0000
int__tai20_20_09,20_20,GT-MWKR,1.4,8.4216,,1.0000
int__tai20_20_09,20_20,GP-nowidth,1.0,5.7441,10.7338,1.0000
int__tai20_20_09,20_20,GP-nowidth,1.2,6.3740,,1.0000
int__tai20_20_09,20_20,GP-nowidth,1.4,7.6188,,1.0000
int__tai20_20_09,20_20,GP-rob1,1.0,3.8299,7.4180,1.0000
int__tai20_20_09,20_20,GP-rob1,1.2,4.5318,,1.0000
int__tai20_20_09,20_20,GP-rob1,1.4,5.2726,,1.0000
int__tai20_20_09,20_20,GP-rob1-nw,1.0,4.6522,10.6109,1.0000
int__tai20_20_09,20_20,GP-rob1-nw,1.2,5.6263,,1.0000
int__tai20_20_09,20_20,GP-rob1-nw,1.4,6.6108,,1.0000
int__tai20_20_09,20_20,GP-rob4,1.0,3.9237,7.8259,1.0000
int__tai20_20_09,20_20,GP-rob4,1.2,4.4740,,1.0000
int__tai20_20_09,20_20,GP-rob4,1.4,5.0163,,1.0000
int__tai20_20_10,20_20,GP,1.0,6.8312,10.7972,1.0000
int__tai20_20_10,20_20,GP,1.2,8.0144,,1.0000
int__tai20_20_10,20_20,GP,1.4,8.8035,,1.0000
int__tai20_20_10,20_20,EST,1.0,6.7808,12.8261,1.0000
int__tai20_20_10,20_20,EST,1.2,8.1468,,1.0000
int__tai20_20_10,20_20,EST,1.4,9.3136,,1.0000
int__tai20_20_10,20_20,GT-MWKR,1.0,6.5158,12.8846,1.0000
int__tai20_20_10,20_20,GT-MWKR,1.2,8.2801,,1.0000
int__tai20_20_10,20_20,GT-MWKR,1.4,9.0688,,1.0000
int__tai20_20_10,20_20,GP-nowidth,1.0,5.9202,11.9621,1.0000
int__tai20_20_10,20_20,GP-nowidth,1.2,7.3883,,1.0000
int__tai20_20_10,20_20,GP-nowidth,1.4,8.1665,,1.0000
int__tai20_20_10,20_20,GP-rob1,1.0,3.9185,7.5210,1.0000
int__tai20_20_10,20_20,GP-rob1,1.2,4.8226,,1.0000
int__tai20_20_10,20_20,GP-rob1,1.4,5.6983,,1.0000
int__tai20_20_10,20_20,GP-rob1-nw,1.0,5.1440,10.1433,1.0000
int__tai20_20_10,20_20,GP-rob1-nw,1.2,5.5184,,1.0000
int__tai20_20_10,20_20,GP-rob1-nw,1.4,5.8537,,1.0000
int__tai20_20_10,20_20,GP-rob4,1.0,3.4866,6.7089,1.0000
int__tai20_20_10,20_20,GP-rob4,1.2,4.5115,,1.0000
int__tai20_20_10,20_20,GP-rob4,1.4,5.2179,,1.0000
int__tai30_15_01,30_15,GP,1.0,5.4164,11.5236,1.0000
int__tai30_15_01,30_15,GP,1.2,6.4386,,1.0000
int__tai30_15_01,30_15,GP,1.4,7.1142,,1.0000
int__tai30_15_01,30_15,EST,1.0,6.6971,13.4432,1.0000
int__tai30_15_01,30_15,EST,1.2,8.8850,,1.0000
int__tai30_15_01,30_15,EST,1.4,10.6162,,1.0000
int__tai30_15_01,30_15,GT-MWKR,1.0,5.3965,12.3998,1.0000
int__tai30_15_01,30_15,GT-MWKR,1.2,6.5108,,1.0000
int__tai30_15_01,30_15,GT-MWKR,1.4,7.5756,,1.0000
int__tai30_15_01,30_15,GP-nowidth,1.0,5.6417,12.1864,1.0000
int__tai30_15_01,30_15,GP-nowidth,1.2,6.2433,,1.0000
int__tai30_15_01,30_15,GP-nowidth,1.4,7.0606,,1.0000
int__tai30_15_01,30_15,GP-rob1,1.0,3.8840,8.6275,1.0000
int__tai30_15_01,30_15,GP-rob1,1.2,4.2133,,1.0000
int__tai30_15_01,30_15,GP-rob1,1.4,4.8781,,1.0000
int__tai30_15_01,30_15,GP-rob1-nw,1.0,4.9513,10.6616,1.0000
int__tai30_15_01,30_15,GP-rob1-nw,1.2,5.7924,,1.0000
int__tai30_15_01,30_15,GP-rob1-nw,1.4,6.6850,,1.0000
int__tai30_15_01,30_15,GP-rob4,1.0,3.3592,6.4431,1.0000
int__tai30_15_01,30_15,GP-rob4,1.2,3.8848,,1.0000
int__tai30_15_01,30_15,GP-rob4,1.4,4.3112,,1.0000
int__tai30_15_02,30_15,GP,1.0,6.4764,13.7882,1.0000
int__tai30_15_02,30_15,GP,1.2,7.8879,,1.0000
int__tai30_15_02,30_15,GP,1.4,10.0425,,1.0000
int__tai30_15_02,30_15,EST,1.0,5.8042,14.3393,1.0000
int__tai30_15_02,30_15,EST,1.2,6.6862,,1.0000
int__tai30_15_02,30_15,EST,1.4,7.4932,,1.0000
int__tai30_15_02,30_15,GT-MWKR,1.0,5.0827,13.2826,1.0000
int__tai30_15_02,30_15,GT-MWKR,1.2,5.9876,,1.0000
int__tai30_15_02,30_15,GT-MWKR,1.4,7.3867,,1.0000
int__tai30_15_02,30_15,GP-nowidth,1.0,5.0872,11.0586,1.0000
int__tai30_15_02,30_15,GP-nowidth,1.2,5.6724,,1.0000
int__tai30_15_02,30_15,GP-nowidth,1.4,6.4209,,1.0000
int__tai30_15_02,30_15,GP-rob1,1.0,3.6575,9.0629,1.0000
int__tai30_15_02,30_15,GP-rob1,1.2,4.4020,,1.0000
int__tai30_15_02,30_15,GP-rob1,1.4,4.9398,,1.0000
int__tai30_15_02,30_15,GP-rob1-nw,1.0,5.3740,13.4911,1.0000
int__tai30_15_02,30_15,GP-rob1-nw,1.2,6.1904,,1.0000
int__tai30_15_02,30_15,GP-rob1-nw,1.4,6.7291,,1.0000
int__tai30_15_02,30_15,GP-rob4,1.0,3.4221,7.2766,1.0000
int__tai30_15_02,30_15,GP-rob4,1.2,4.0555,,1.0000
int__tai30_15_02,30_15,GP-rob4,1.4,4.8784,,1.0000
int__tai30_15_03,30_15,GP,1.0,4.8122,9.6951,1.0000
int__tai30_15_03,30_15,GP,1.2,5.3966,,1.0000
int__tai30_15_03,30_15,GP,1.4,6.1913,,1.0000
int__tai30_15_03,30_15,EST,1.0,5.6397,14.9353,1.0000
int__tai30_15_03,30_15,EST,1.2,6.2773,,1.0000
int__tai30_15_03,30_15,EST,1.4,7.5129,,1.0000
int__tai30_15_03,30_15,GT-MWKR,1.0,9.8592,15.6846,1.0000
int__tai30_15_03,30_15,GT-MWKR,1.2,11.6746,,1.0000
int__tai30_15_03,30_15,GT-MWKR,1.4,12.9116,,1.0000
int__tai30_15_03,30_15,GP-nowidth,1.0,6.4585,15.0112,1.0000
int__tai30_15_03,30_15,GP-nowidth,1.2,8.0285,,1.0000
int__tai30_15_03,30_15,GP-nowidth,1.4,9.0295,,1.0000
int__tai30_15_03,30_15,GP-rob1,1.0,5.9497,10.8783,1.0000
int__tai30_15_03,30_15,GP-rob1,1.2,7.2149,,1.0000
int__tai30_15_03,30_15,GP-rob1,1.4,7.9826,,1.0000
int__tai30_15_03,30_15,GP-rob1-nw,1.0,4.6723,10.7461,1.0000
int__tai30_15_03,30_15,GP-rob1-nw,1.2,5.3347,,1.0000
int__tai30_15_03,30_15,GP-rob1-nw,1.4,6.6666,,1.0000
int__tai30_15_03,30_15,GP-rob4,1.0,3.6157,8.7287,1.0000
int__tai30_15_03,30_15,GP-rob4,1.2,4.1575,,1.0000
int__tai30_15_03,30_15,GP-rob4,1.4,4.8982,,1.0000
int__tai30_15_04,30_15,GP,1.0,4.2095,10.3831,1.0000
int__tai30_15_04,30_15,GP,1.2,4.8746,,1.0000
int__tai30_15_04,30_15,GP,1.4,5.3364,,1.0000
int__tai30_15_04,30_15,EST,1.0,6.6604,13.6884,1.0000
int__tai30_15_04,30_15,EST,1.2,8.3980,,1.0000
int__tai30_15_04,30_15,EST,1.4,9.8989,,1.0000
int__tai30_15_04,30_15,GT-MWKR,1.0,6.2304,13.0787,1.0000
int__tai30_15_04,30_15,GT-MWKR,1.2,6.8501,,1.0000
int__tai30_15_04,30_15,GT-MWKR,1.4,7.8947,,1.0000
int__tai30_15_04,30_15,GP-nowidth,1.0,4.6289,11.9452,1.0000
int__tai30_15_04,30_15,GP-nowidth,1.2,6.0712,,1.0000
int__tai30_15_04,30_15,GP-nowidth,1.4,6.7795,,1.0000
int__tai30_15_04,30_15,GP-rob1,1.0,4.8587,8.9643,1.0000
int__tai30_15_04,30_15,GP-rob1,1.2,5.9377,,1.0000
int__tai30_15_04,30_15,GP-rob1,1.4,6.7158,,1.0000
int__tai30_15_04,30_15,GP-rob1-nw,1.0,4.5789,11.3529,1.0000
int__tai30_15_04,30_15,GP-rob1-nw,1.2,5.5168,,1.0000
int__tai30_15_04,30_15,GP-rob1-nw,1.4,6.1502,,1.0000
int__tai30_15_04,30_15,GP-rob4,1.0,3.3934,8.0443,1.0000
int__tai30_15_04,30_15,GP-rob4,1.2,4.1661,,1.0000
int__tai30_15_04,30_15,GP-rob4,1.4,4.6344,,1.0000
int__tai30_15_05,30_15,GP,1.0,6.6627,12.4569,1.0000
int__tai30_15_05,30_15,GP,1.2,7.5108,,1.0000
int__tai30_15_05,30_15,GP,1.4,8.2748,,1.0000
int__tai30_15_05,30_15,EST,1.0,4.9915,13.4251,1.0000
int__tai30_15_05,30_15,EST,1.2,5.8503,,1.0000
int__tai30_15_05,30_15,EST,1.4,6.7258,,1.0000
int__tai30_15_05,30_15,GT-MWKR,1.0,7.2232,15.2981,1.0000
int__tai30_15_05,30_15,GT-MWKR,1.2,7.9592,,1.0000
int__tai30_15_05,30_15,GT-MWKR,1.4,9.6479,,1.0000
int__tai30_15_05,30_15,GP-nowidth,1.0,5.7464,12.0172,1.0000
int__tai30_15_05,30_15,GP-nowidth,1.2,6.3705,,1.0000
int__tai30_15_05,30_15,GP-nowidth,1.4,7.2779,,1.0000
int__tai30_15_05,30_15,GP-rob1,1.0,3.6070,7.1018,1.0000
int__tai30_15_05,30_15,GP-rob1,1.2,4.2788,,1.0000
int__tai30_15_05,30_15,GP-rob1,1.4,5.4134,,1.0000
int__tai30_15_05,30_15,GP-rob1-nw,1.0,4.4664,10.9811,1.0000
int__tai30_15_05,30_15,GP-rob1-nw,1.2,4.8706,,1.0000
int__tai30_15_05,30_15,GP-rob1-nw,1.4,5.6084,,1.0000
int__tai30_15_05,30_15,GP-rob4,1.0,4.1566,8.8645,1.0000
int__tai30_15_05,30_15,GP-rob4,1.2,4.8843,,1.0000
int__tai30_15_05,30_15,GP-rob4,1.4,5.6227,,1.0000
int__tai30_15_06,30_15,GP,1.0,5.8842,12.5694,1.0000
int__tai30_15_06,30_15,GP,1.2,7.0502,,1.0000
int__tai30_15_06,30_15,GP,1.4,7.8473,,1.0000
int__tai30_15_06,30_15,EST,1.0,6.0308,12.3928,1.0000
int__tai30_15_06,30_15,EST,1.2,7.2813,,1.0000
int__tai30_15_06,30_15,EST,1.4,8.8720,,1.0000
int__tai30_15_06,30_15,GT-MWKR,1.0,6.2109,13.3179,1.0000
int__tai30_15_06,30_15,GT-MWKR,1.2,7.4677,,1.0000
int__tai30_15_06,30_15,GT-MWKR,1.4,8.6736,,1.0000
int__tai30_15_06,30_15,GP-nowidth,1.0,5.6694,13.1748,1.0000
int__tai30_15_06,30_15,GP-nowidth,1.2,6.7412,,1.0000
int__tai30_15_06,30_15,GP-nowidth,1.4,7.2919,,1.0000
int__tai30_15_06,30_15,GP-rob1,1.0,5.3141,9.5806,1.0000
int__tai30_15_06,30_15,GP-rob1,1.2,6.3512,,1.0000
int__tai30_15_06,30_15,GP-rob1,1.4,6.9134,,1.0000
int__tai30_15_06,30_15,GP-rob1-nw,1.0,6.2513,12.6679,1.0000
int__tai30_15_06,30_15,GP-rob1-nw,1.2,7.1157,,1.0000
int__tai30_15_06,30_15,GP-rob1-nw,1.4,8.5086,,1.0000
int__tai30_15_06,30_15,GP-rob4,1.0,3.2732,6.5772,1.0000
int__tai30_15_06,30_15,GP-rob4,1.2,4.0157,,1.0000
int__tai30_15_06,30_15,GP-rob4,1.4,4.2627,,1.0000
int__tai30_15_07,30_15,GP,1.0,6.5090,14.2619,1.0000
int__tai30_15_07,30_15,GP,1.2,8.1091,,1.0000
int__tai30_15_07,30_15,GP,1.4,8.9459,,1.0000
int__tai30_15_07,30_15,EST,1.0,4.3708,12.5246,1.0000
int__tai30_15_07,30_15,EST,1.2,5.3425,,1.0000
int__tai30_15_07,30_15,EST,1.4,5.8484,,1.0000
int__tai30_15_07,30_15,GT-MWKR,1.0,6.2053,13.8663,1.0000
int__tai30_15_07,30_15,GT-MWKR,1.2,7.9801,,1.0000
int__tai30_15_07,30_15,GT-MWKR,1.4,9.0023,,1.0000
int__tai30_15_07,30_15,GP-nowidth,1.0,6.8185,13.5219,1.0000
int__tai30_15_07,30_15,GP-nowidth,1.2,8.3429,,1.0000
int__tai30_15_07,30_15,GP-nowidth,1.4,9.5270,,1.0000
int__tai30_15_07,30_15,GP-rob1,1.0,3.3919,7.2928,1.0000
int__tai30_15_07,30_15,GP-rob1,1.2,3.8129,,1.0000
int__tai30_15_07,30_15,GP-rob1,1.4,4.1627,,1.0000
int__tai30_15_07,30_15,GP-rob1-nw,1.0,5.5990,12.3527,1.0000
int__tai30_15_07,30_15,GP-rob1-nw,1.2,6.9159,,1.0000
int__tai30_15_07,30_15,GP-rob1-nw,1.4,7.5952,,1.0000
int__tai30_15_07,30_15,GP-rob4,1.0,3.6514,7.2650,1.0000
int__tai30_15_07,30_15,GP-rob4,1.2,4.3249,,1.0000
int__tai30_15_07,30_15,GP-rob4,1.4,4.9352,,1.0000
int__tai30_15_08,30_15,GP,1.0,6.3308,12.8888,1.0000
int__tai30_15_08,30_15,GP,1.2,7.5058,,1.0000
int__tai30_15_08,30_15,GP,1.4,9.0307,,1.0000
int__tai30_15_08,30_15,EST,1.0,4.7790,13.1465,1.0000
int__tai30_15_08,30_15,EST,1.2,5.6226,,1.0000
int__tai30_15_08,30_15,EST,1.4,6.8645,,1.0000
int__tai30_15_08,30_15,GT-MWKR,1.0,6.9344,15.0829,1.0000
int__tai30_15_08,30_15,GT-MWKR,1.2,8.0934,,1.0000
int__tai30_15_08,30_15,GT-MWKR,1.4,9.3494,,1.0000
int__tai30_15_08,30_15,GP-nowidth,1.0,6.7496,13.4715,1.0000
int__tai30_15_08,30_15,GP-nowidth,1.2,7.3882,,1.0000
int__tai30_15_08,30_15,GP-nowidth,1.4,8.8412,,1.0000
int__tai30_15_08,30_15,GP-rob1,1.0,4.9216,10.8047,1.0000
int__tai30_15_08,30_15,GP-rob1,1.2,6.0664,,1.0000
int__tai30_15_08,30_15,GP-rob1,1.4,6.9957,,1.0000
int__tai30_15_08,30_15,GP-rob1-nw,1.0,5.3294,11.5645,1.0000
int__tai30_15_08,30_15,GP-rob1-nw,1.2,5.8820,,1.0000
int__tai30_15_08,30_15,GP-rob1-nw,1.4,6.9043,,1.0000
int__tai30_15_08,30_15,GP-rob4,1.0,4.7973,10.6078,1.0000
int__tai30_15_08,30_15,GP-rob4,1.2,5.6755,,1.0000
int__tai30_15_08,30_15,GP-rob4,1.4,6.4333,,1.0000
int__tai30_15_09,30_15,GP,1.0,5.1377,11.2452,1.0000
int__tai30_15_09,30_15,GP,1.2,6.0278,,1.0000
int__tai30_15_09,30_15,GP,1.4,6.5797,,1.0000
int__tai30_15_09,30_15,EST,1.0,5.8990,13.3029,1.0000
int__tai30_15_09,30_15,EST,1.2,6.7910,,1.0000
int__tai30_15_09,30_15,EST,1.4,8.1727,,1.0000
int__tai30_15_09,30_15,GT-MWKR,1.0,6.5027,13.0566,1.0000
int__tai30_15_09,30_15,GT-MWKR,1.2,7.7569,,1.0000
int__tai30_15_09,30_15,GT-MWKR,1.4,8.5763,,1.0000
int__tai30_15_09,30_15,GP-nowidth,1.0,5.8873,11.4478,1.0000
int__tai30_15_09,30_15,GP-nowidth,1.2,6.5427,,1.0000
int__tai30_15_09,30_15,GP-nowidth,1.4,7.8413,,1.0000
int__tai30_15_09,30_15,GP-rob1,1.0,4.2735,9.4770,1.0000
int__tai30_15_09,30_15,GP-rob1,1.2,5.1530,,1.0000
int__tai30_15_09,30_15,GP-rob1,1.4,6.1416,,1.0000
int__tai30_15_09,30_15,GP-rob1-nw,1.0,5.1325,12.2372,1.0000
int__tai30_15_09,30_15,GP-rob1-nw,1.2,6.2091,,1.0000
int__tai30_15_09,30_15,GP-rob1-nw,1.4,7.2102,,1.0000
int__tai30_15_09,30_15,GP-rob4,1.0,3.2219,7.0431,1.0000
int__tai30_15_09,30_15,GP-rob4,1.2,4.1065,,1.0000
int__tai30_15_09,30_15,GP-rob4,1.4,4.5744,,1.0000
int__tai30_15_10,30_15,GP,1.0,4.5821,12.2449,1.0000
int__tai30_15_10,30_15,GP,1.2,5.5921,,1.0000
int__tai30_15_10,30_15,GP,1.4,6.4329,,1.0000
int__tai30_15_10,30_15,EST,1.0,4.6240,12.2836,1.0000
int__tai30_15_10,30_15,EST,1.2,5.7147,,1.0000
int__tai30_15_10,30_15,EST,1.4,6.5348,,1.0000
int__tai30_15_10,30_15,GT-MWKR,1.0,5.6732,12.0451,1.0000
int__tai30_15_10,30_15,GT-MWKR,1.2,6.7649,,1.0000
int__tai30_15_10,30_15,GT-MWKR,1.4,7.9075,,1.0000
int__tai30_15_10,30_15,GP-nowidth,1.0,5.1034,11.6028,1.0000
int__tai30_15_10,30_15,GP-nowidth,1.2,5.7992,,1.0000
int__tai30_15_10,30_15,GP-nowidth,1.4,6.6605,,1.0000
int__tai30_15_10,30_15,GP-rob1,1.0,4.0368,7.6054,1.0000
int__tai30_15_10,30_15,GP-rob1,1.2,4.8459,,1.0000
int__tai30_15_10,30_15,GP-rob1,1.4,4.9513,,1.0000
int__tai30_15_10,30_15,GP-rob1-nw,1.0,4.9605,10.7496,1.0000
int__tai30_15_10,30_15,GP-rob1-nw,1.2,5.6478,,1.0000
int__tai30_15_10,30_15,GP-rob1-nw,1.4,6.4573,,1.0000
int__tai30_15_10,30_15,GP-rob4,1.0,3.4842,7.5322,1.0000
int__tai30_15_10,30_15,GP-rob4,1.2,3.9380,,1.0000
int__tai30_15_10,30_15,GP-rob4,1.4,4.2858,,1.0000
int__tai30_20_01,30_20,GP,1.0,4.7981,12.1534,1.0000
int__tai30_20_01,30_20,GP,1.2,5.4248,,1.0000
int__tai30_20_01,30_20,GP,1.4,6.4263,,1.0000
int__tai30_20_01,30_20,EST,1.0,5.4292,12.0464,1.0000
int__tai30_20_01,30_20,EST,1.2,6.3497,,1.0000
int__tai30_20_01,30_20,EST,1.4,6.8850,,1.0000
int__tai30_20_01,30_20,GT-MWKR,1.0,5.3261,12.4457,1.0000
int__tai30_20_01,30_20,GT-MWKR,1.2,6.4858,,1.0000
int__tai30_20_01,30_20,GT-MWKR,1.4,7.8657,,1.0000
int__tai30_20_01,30_20,GP-nowidth,1.0,4.2906,11.0356,1.0000
int__tai30_20_01,30_20,GP-nowidth,1.2,4.9453,,1.0000
int__tai30_20_01,30_20,GP-nowidth,1.4,5.8024,,1.0000
int__tai30_20_01,30_20,GP-rob1,1.0,4.5304,9.2426,1.0000
int__tai30_20_01,30_20,GP-rob1,1.2,5.2035,,1.0000
int__tai30_20_01,30_20,GP-rob1,1.4,5.5414,,1.0000
int__tai30_20_01,30_20,GP-rob1-nw,1.0,4.5298,10.6901,1.0000
int__tai30_20_01,30_20,GP-rob1-nw,1.2,5.0265,,1.0000
int__tai30_20_01,30_20,GP-rob1-nw,1.4,5.4588,,1.0000
int__tai30_20_01,30_20,GP-rob4,1.0,3.9888,9.1133,1.0000
int__tai30_20_01,30_20,GP-rob4,1.2,4.6346,,1.0000
int__tai30_20_01,30_20,GP-rob4,1.4,5.2260,,1.0000
int__tai30_20_02,30_20,GP,1.0,4.5328,11.8250,1.0000
int__tai30_20_02,30_20,GP,1.2,5.2993,,1.0000
int__tai30_20_02,30_20,GP,1.4,6.0894,,1.0000
int__tai30_20_02,30_20,EST,1.0,4.6892,10.9836,1.0000
int__tai30_20_02,30_20,EST,1.2,5.6177,,1.0000
int__tai30_20_02,30_20,EST,1.4,6.8935,,1.0000
int__tai30_20_02,30_20,GT-MWKR,1.0,6.0341,13.8355,1.0000
int__tai30_20_02,30_20,GT-MWKR,1.2,7.7413,,1.0000
int__tai30_20_02,30_20,GT-MWKR,1.4,8.5591,,1.0000
int__tai30_20_02,30_20,GP-nowidth,1.0,4.5444,12.1777,1.0000
int__tai30_20_02,30_20,GP-nowidth,1.2,5.3455,,1.0000
int__tai30_20_02,30_20,GP-nowidth,1.4,6.1305,,1.0000
int__tai30_20_02,30_20,GP-rob1,1.0,4.4750,10.1411,1.0000
int__tai30_20_02,30_20,GP-rob1,1.2,5.1388,,1.0000
int__tai30_20_02,30_20,GP-rob1,1.4,5.8232,,1.0000
int__tai30_20_02,30_20,GP-rob1-nw,1.0,4.9141,11.3484,1.0000
int__tai30_20_02,30_20,GP-rob1-nw,1.2,5.7410,,1.0000
int__tai30_20_02,30_20,GP-rob1-nw,1.4,6.2038,,1.0000
int__tai30_20_02,30_20,GP-rob4,1.0,4.1736,9.6212,1.0000
int__tai30_20_02,30_20,GP-rob4,1.2,5.2551,,1.0000
int__tai30_20_02,30_20,GP-rob4,1.4,5.8485,,1.0000
int__tai30_20_03,30_20,GP,1.0,4.5331,10.9354,1.0000
int__tai30_20_03,30_20,GP,1.2,5.3635,,1.0000
int__tai30_20_03,30_20,GP,1.4,6.0997,,1.0000
int__tai30_20_03,30_20,EST,1.0,4.8364,11.4679,1.0000
int__tai30_20_03,30_20,EST,1.2,5.6108,,1.0000
int__tai30_20_03,30_20,EST,1.4,6.6731,,1.0000
int__tai30_20_03,30_20,GT-MWKR,1.0,5.9322,12.2949,1.0000
int__tai30_20_03,30_20,GT-MWKR,1.2,6.9981,,1.0000
int__tai30_20_03,30_20,GT-MWKR,1.4,8.0593,,1.0000
int__tai30_20_03,30_20,GP-nowidth,1.0,3.7793,10.8801,1.0000
int__tai30_20_03,30_20,GP-nowidth,1.2,4.4796,,1.0000
int__tai30_20_03,30_20,GP-nowidth,1.4,5.0900,,1.0000
int__tai30_20_03,30_20,GP-rob1,1.0,4.5089,8.8273,1.0000
int__tai30_20_03,30_20,GP-rob1,1.2,4.9559,,1.0000
int__tai30_20_03,30_20,GP-rob1,1.4,5.7952,,1.0000
int__tai30_20_03,30_20,GP-rob1-nw,1.0,4.9323,11.6619,1.0000
int__tai30_20_03,30_20,GP-rob1-nw,1.2,5.6513,,1.0000
int__tai30_20_03,30_20,GP-rob1-nw,1.4,6.3049,,1.0000
int__tai30_20_03,30_20,GP-rob4,1.0,3.2658,7.6939,1.0000
int__tai30_20_03,30_20,GP-rob4,1.2,3.8923,,1.0000
int__tai30_20_03,30_20,GP-rob4,1.4,4.3364,,1.0000
int__tai30_20_04,30_20,GP,1.0,4.6821,10.4060,1.0000
int__tai30_20_04,30_20,GP,1.2,5.1160,,1.0000
int__tai30_20_04,30_20,GP,1.4,5.4675,,1.0000
int__tai30_20_04,30_20,EST,1.0,5.1105,12.9958,1.0000
int__tai30_20_04,30_20,EST,1.2,6.2487,,1.0000
int__tai30_20_04,30_20,EST,1.4,7.2140,,1.0000
int__tai30_20_04,30_20,GT-MWKR,1.0,5.0387,11.5898,1.0000
int__tai30_20_04,30_20,GT-MWKR,1.2,5.9868,,1.0000
int__tai30_20_04,30_20,GT-MWKR,1.4,7.2667,,1.0000
int__tai30_20_04,30_20,GP-nowidth,1.0,3.3277,9.1421,1.0000
int__tai30_20_04,30_20,GP-nowidth,1.2,4.2628,,1.0000
int__tai30_20_04,30_20,GP-nowidth,1.4,4.8723,,1.0000
int__tai30_20_04,30_20,GP-rob1,1.0,3.4765,7.5102,1.0000
int__tai30_20_04,30_20,GP-rob1,1.2,4.1310,,1.0000
int__tai30_20_04,30_20,GP-rob1,1.4,4.8338,,1.0000
int__tai30_20_04,30_20,GP-rob1-nw,1.0,4.4321,11.1439,1.0000
int__tai30_20_04,30_20,GP-rob1-nw,1.2,5.0716,,1.0000
int__tai30_20_04,30_20,GP-rob1-nw,1.4,5.7673,,1.0000
int__tai30_20_04,30_20,GP-rob4,1.0,2.8045,6.0253,1.0000
int__tai30_20_04,30_20,GP-rob4,1.2,3.2750,,1.0000
int__tai30_20_04,30_20,GP-rob4,1.4,3.7140,,1.0000
int__tai30_20_05,30_20,GP,1.0,4.6527,11.0724,1.0000
int__tai30_20_05,30_20,GP,1.2,5.3749,,1.0000
int__tai30_20_05,30_20,GP,1.4,6.0873,,1.0000
int__tai30_20_05,30_20,EST,1.0,4.5578,12.3374,1.0000
int__tai30_20_05,30_20,EST,1.2,5.5108,,1.0000
int__tai30_20_05,30_20,EST,1.4,6.4679,,1.0000
int__tai30_20_05,30_20,GT-MWKR,1.0,5.2699,12.9189,1.0000
int__tai30_20_05,30_20,GT-MWKR,1.2,6.3933,,1.0000
int__tai30_20_05,30_20,GT-MWKR,1.4,6.9769,,1.0000
int__tai30_20_05,30_20,GP-nowidth,1.0,4.8966,11.4586,1.0000
int__tai30_20_05,30_20,GP-nowidth,1.2,5.9258,,1.0000
int__tai30_20_05,30_20,GP-nowidth,1.4,6.5908,,1.0000
int__tai30_20_05,30_20,GP-rob1,1.0,3.5187,7.8431,1.0000
int__tai30_20_05,30_20,GP-rob1,1.2,3.9113,,1.0000
int__tai30_20_05,30_20,GP-rob1,1.4,4.6438,,1.0000
int__tai30_20_05,30_20,GP-rob1-nw,1.0,4.5881,11.2893,1.0000
int__tai30_20_05,30_20,GP-rob1-nw,1.2,5.6879,,1.0000
int__tai30_20_05,30_20,GP-rob1-nw,1.4,6.3666,,1.0000
int__tai30_20_05,30_20,GP-rob4,1.0,3.0922,6.1856,1.0000
int__tai30_20_05,30_20,GP-rob4,1.2,3.5005,,1.0000
int__tai30_20_05,30_20,GP-rob4,1.4,4.0622,,1.0000
int__tai30_20_06,30_20,GP,1.0,5.0642,12.1035,1.0000
int__tai30_20_06,30_20,GP,1.2,5.9192,,1.0000
int__tai30_20_06,30_20,GP,1.4,6.9978,,1.0000
int__tai30_20_06,30_20,EST,1.0,4.6318,12.5199,1.0000
int__tai30_20_06,30_20,EST,1.2,5.5227,,1.0000
int__tai30_20_06,30_20,EST,1.4,6.5405,,1.0000
int__tai30_20_06,30_20,GT-MWKR,1.0,4.9356,12.5413,1.0000
int__tai30_20_06,30_20,GT-MWKR,1.2,5.7259,,1.0000
int__tai30_20_06,30_20,GT-MWKR,1.4,6.3451,,1.0000
int__tai30_20_06,30_20,GP-nowidth,1.0,3.9373,9.9457,1.0000
int__tai30_20_06,30_20,GP-nowidth,1.2,4.4186,,1.0000
int__tai30_20_06,30_20,GP-nowidth,1.4,5.2823,,1.0000
int__tai30_20_06,30_20,GP-rob1,1.0,3.4439,7.9078,1.0000
int__tai30_20_06,30_20,GP-rob1,1.2,4.0680,,1.0000
int__tai30_20_06,30_20,GP-rob1,1.4,4.5775,,1.0000
int__tai30_20_06,30_20,GP-rob1-nw,1.0,3.8341,10.2532,1.0000
int__tai30_20_06,30_20,GP-rob1-nw,1.2,4.5238,,1.0000
int__tai30_20_06,30_20,GP-rob1-nw,1.4,5.3176,,1.0000
int__tai30_20_06,30_20,GP-rob4,1.0,3.3550,8.0031,1.0000
int__tai30_20_06,30_20,GP-rob4,1.2,4.1343,,1.0000
int__tai30_20_06,30_20,GP-rob4,1.4,4.4247,,1.0000
int__tai30_20_07,30_20,GP,1.0,4.7588,11.1894,1.0000
int__tai30_20_07,30_20,GP,1.2,5.2965,,1.0000
int__tai30_20_07,30_20,GP,1.4,6.1562,,1.0000
int__tai30_20_07,30_20,EST,1.0,4.5270,12.2526,1.0000
int__tai30_20_07,30_20,EST,1.2,5.4099,,1.0000
int__tai30_20_07,30_20,EST,1.4,6.5287,,1.0000
int__tai30_20_07,30_20,GT-MWKR,1.0,4.8442,12.1702,1.0000
int__tai30_20_07,30_20,GT-MWKR,1.2,5.8493,,1.0000
int__tai30_20_07,30_20,GT-MWKR,1.4,6.6074,,1.0000
int__tai30_20_07,30_20,GP-nowidth,1.0,4.2816,11.0668,1.0000
int__tai30_20_07,30_20,GP-nowidth,1.2,5.1613,,1.0000
int__tai30_20_07,30_20,GP-nowidth,1.4,5.9931,,1.0000
int__tai30_20_07,30_20,GP-rob1,1.0,3.5228,7.7847,1.0000
int__tai30_20_07,30_20,GP-rob1,1.2,4.0983,,1.0000
int__tai30_20_07,30_20,GP-rob1,1.4,4.6111,,1.0000
int__tai30_20_07,30_20,GP-rob1-nw,1.0,4.1900,12.9812,1.0000
int__tai30_20_07,30_20,GP-rob1-nw,1.2,5.1204,,1.0000
int__tai30_20_07,30_20,GP-rob1-nw,1.4,5.5778,,1.0000
int__tai30_20_07,30_20,GP-rob4,1.0,3.3130,7.8640,1.0000
int__tai30_20_07,30_20,GP-rob4,1.2,4.0438,,1.0000
int__tai30_20_07,30_20,GP-rob4,1.4,4.6183,,1.0000
int__tai30_20_08,30_20,GP,1.0,4.4874,10.7583,1.0000
int__tai30_20_08,30_20,GP,1.2,5.4251,,1.0000
int__tai30_20_08,30_20,GP,1.4,6.1468,,1.0000
int__tai30_20_08,30_20,EST,1.0,4.0745,12.9870,1.0000
int__tai30_20_08,30_20,EST,1.2,4.8537,,1.0000
int__tai30_20_08,30_20,EST,1.4,5.6679,,1.0000
int__tai30_20_08,30_20,GT-MWKR,1.0,6.6205,15.9264,1.0000
int__tai30_20_08,30_20,GT-MWKR,1.2,7.5202,,1.0000
int__tai30_20_08,30_20,GT-MWKR,1.4,8.3517,,1.0000
int__tai30_20_08,30_20,GP-nowidth,1.0,4.4763,10.4302,1.0000
int__tai30_20_08,30_20,GP-nowidth,1.2,5.4335,,1.0000
int__tai30_20_08,30_20,GP-nowidth,1.4,6.2806,,1.0000
int__tai30_20_08,30_20,GP-rob1,1.0,3.7051,9.3528,1.0000
int__tai30_20_08,30_20,GP-rob1,1.2,4.5374,,1.0000
int__tai30_20_08,30_20,GP-rob1,1.4,5.1995,,1.0000
int__tai30_20_08,30_20,GP-rob1-nw,1.0,5.1930,11.6411,1.0000
int__tai30_20_08,30_20,GP-rob1-nw,1.2,5.9436,,1.0000
int__tai30_20_08,30_20,GP-rob1-nw,1.4,6.5690,,1.0000
int__tai30_20_08,30_20,GP-rob4,1.0,3.1356,7.6379,1.0000
int__tai30_20_08,30_20,GP-rob4,1.2,3.7388,,1.0000
int__tai30_20_08,30_20,GP-rob4,1.4,4.1666,,1.0000
int__tai30_20_09,30_20,GP,1.0,4.6990,11.3387,1.0000
int__tai30_20_09,30_20,GP,1.2,5.2085,,1.0000
int__tai30_20_09,30_20,GP,1.4,5.8664,,1.0000
int__tai30_20_09,30_20,EST,1.0,4.7129,11.1797,1.0000
int__tai30_20_09,30_20,EST,1.2,5.8927,,1.0000
int__tai30_20_09,30_20,EST,1.4,6.9006,,1.0000
int__tai30_20_09,30_20,GT-MWKR,1.0,5.3256,11.9809,1.0000
int__tai30_20_09,30_20,GT-MWKR,1.2,6.3446,,1.0000
int__tai30_20_09,30_20,GT-MWKR,1.4,7.5356,,1.0000
int__tai30_20_09,30_20,GP-nowidth,1.0,4.7493,10.8039,1.0000
int__tai30_20_09,30_20,GP-nowidth,1.2,5.6224,,1.0000
int__tai30_20_09,30_20,GP-nowidth,1.4,6.2883,,1.0000
int__tai30_20_09,30_20,GP-rob1,1.0,5.7818,9.2179,1.0000
int__tai30_20_09,30_20,GP-rob1,1.2,6.0772,,1.0000
int__tai30_20_09,30_20,GP-rob1,1.4,6.7798,,1.0000
int__tai30_20_09,30_20,GP-rob1-nw,1.0,4.9059,10.7937,1.0000
int__tai30_20_09,30_20,GP-rob1-nw,1.2,6.1858,,1.0000
int__tai30_20_09,30_20,GP-rob1-nw,1.4,6.5134,,1.0000
int__tai30_20_09,30_20,GP-rob4,1.0,2.8471,6.1060,1.0000
int__tai30_20_09,30_20,GP-rob4,1.2,3.0479,,1.0000
int__tai30_20_09,30_20,GP-rob4,1.4,3.5282,,1.0000
int__tai30_20_10,30_20,GP,1.0,5.7259,12.9676,1.0000
int__tai30_20_10,30_20,GP,1.2,6.7614,,1.0000
int__tai30_20_10,30_20,GP,1.4,7.5284,,1.0000
int__tai30_20_10,30_20,EST,1.0,5.4800,14.3292,1.0000
int__tai30_20_10,30_20,EST,1.2,7.0733,,1.0000
int__tai30_20_10,30_20,EST,1.4,8.5759,,1.0000
int__tai30_20_10,30_20,GT-MWKR,1.0,4.7889,12.0500,1.0000
int__tai30_20_10,30_20,GT-MWKR,1.2,6.1155,,1.0000
int__tai30_20_10,30_20,GT-MWKR,1.4,6.7036,,1.0000
int__tai30_20_10,30_20,GP-nowidth,1.0,5.0907,12.3550,1.0000
int__tai30_20_10,30_20,GP-nowidth,1.2,6.5423,,1.0000
int__tai30_20_10,30_20,GP-nowidth,1.4,7.2202,,1.0000
int__tai30_20_10,30_20,GP-rob1,1.0,4.3317,9.2921,1.0000
int__tai30_20_10,30_20,GP-rob1,1.2,5.1134,,1.0000
int__tai30_20_10,30_20,GP-rob1,1.4,5.7145,,1.0000
int__tai30_20_10,30_20,GP-rob1-nw,1.0,4.8412,11.6155,1.0000
int__tai30_20_10,30_20,GP-rob1-nw,1.2,6.2684,,1.0000
int__tai30_20_10,30_20,GP-rob1-nw,1.4,7.0941,,1.0000
int__tai30_20_10,30_20,GP-rob4,1.0,4.2542,9.3852,1.0000
int__tai30_20_10,30_20,GP-rob4,1.2,5.2613,,1.0000
int__tai30_20_10,30_20,GP-rob4,1.4,5.8486,,1.0000
int__tai50_15_01,50_15,GP,1.0,4.4151,12.2593,1.0000
int__tai50_15_01,50_15,GP,1.2,5.1943,,1.0000
int__tai50_15_01,50_15,GP,1.4,5.8382,,1.0000
int__tai50_15_01,50_15,EST,1.0,4.3421,11.9653,1.0000
int__tai50_15_01,50_15,EST,1.2,4.9052,,1.0000
int__tai50_15_01,50_15,EST,1.4,5.3192,,1.0000
int__tai50_15_01,50_15,GT-MWKR,1.0,5.8374,15.9183,1.0000
int__tai50_15_01,50_15,GT-MWKR,1.2,6.8959,,1.0000
int__tai50_15_01,50_15,GT-MWKR,1.4,7.4793,,1.0000
int__tai50_15_01,50_15,GP-nowidth,1.0,5.0776,13.3458,1.0000
int__tai50_15_01,50_15,GP-nowidth,1.2,5.8393,,1.0000
int__tai50_15_01,50_15,GP-nowidth,1.4,6.3651,,1.0000
int__tai50_15_01,50_15,GP-rob1,1.0,3.6730,9.2513,1.0000
int__tai50_15_01,50_15,GP-rob1,1.2,4.1178,,1.0000
int__tai50_15_01,50_15,GP-rob1,1.4,4.8564,,1.0000
int__tai50_15_01,50_15,GP-rob1-nw,1.0,4.0202,11.2421,1.0000
int__tai50_15_01,50_15,GP-rob1-nw,1.2,4.3831,,1.0000
int__tai50_15_01,50_15,GP-rob1-nw,1.4,5.0374,,1.0000
int__tai50_15_01,50_15,GP-rob4,1.0,3.6434,8.7591,1.0000
int__tai50_15_01,50_15,GP-rob4,1.2,4.1256,,1.0000
int__tai50_15_01,50_15,GP-rob4,1.4,4.6285,,1.0000
int__tai50_15_02,50_15,GP,1.0,4.7120,13.1960,1.0000
int__tai50_15_02,50_15,GP,1.2,5.4505,,1.0000
int__tai50_15_02,50_15,GP,1.4,6.0906,,1.0000
int__tai50_15_02,50_15,EST,1.0,4.6930,13.2001,1.0000
int__tai50_15_02,50_15,EST,1.2,5.6569,,1.0000
int__tai50_15_02,50_15,EST,1.4,6.5228,,1.0000
int__tai50_15_02,50_15,GT-MWKR,1.0,5.4830,12.9088,1.0000
int__tai50_15_02,50_15,GT-MWKR,1.2,6.5004,,1.0000
int__tai50_15_02,50_15,GT-MWKR,1.4,7.3967,,1.0000
int__tai50_15_02,50_15,GP-nowidth,1.0,4.9082,12.6306,1.0000
int__tai50_15_02,50_15,GP-nowidth,1.2,5.7452,,1.0000
int__tai50_15_02,50_15,GP-nowidth,1.4,7.0452,,1.0000
int__tai50_15_02,50_15,GP-rob1,1.0,3.7451,9.3081,1.0000
int__tai50_15_02,50_15,GP-rob1,1.2,4.2527,,1.0000
int__tai50_15_02,50_15,GP-rob1,1.4,4.8465,,1.0000
int__tai50_15_02,50_15,GP-rob1-nw,1.0,5.4035,13.1654,1.0000
int__tai50_15_02,50_15,GP-rob1-nw,1.2,6.3384,,1.0000
int__tai50_15_02,50_15,GP-rob1-nw,1.4,7.1192,,1.0000
int__tai50_15_02,50_15,GP-rob4,1.0,4.2315,8.7793,1.0000
int__tai50_15_02,50_15,GP-rob4,1.2,5.2774,,1.0000
int__tai50_15_02,50_15,GP-rob4,1.4,6.0359,,1.0000
int__tai50_15_03,50_15,GP,1.0,6.3003,13.7988,1.0000
int__tai50_15_03,50_15,GP,1.2,7.9843,,1.0000
int__tai50_15_03,50_15,GP,1.4,9.3082,,1.0000
int__tai50_15_03,50_15,EST,1.0,5.8605,15.9166,1.0000
int__tai50_15_03,50_15,EST,1.2,7.3002,,1.0000
int__tai50_15_03,50_15,EST,1.4,8.6098,,1.0000
int__tai50_15_03,50_15,GT-MWKR,1.0,5.8492,15.5856,1.0000
int__tai50_15_03,50_15,GT-MWKR,1.2,6.8506,,1.0000
int__tai50_15_03,50_15,GT-MWKR,1.4,7.5855,,1.0000
int__tai50_15_03,50_15,GP-nowidth,1.0,4.9601,13.0872,1.0000
int__tai50_15_03,50_15,GP-nowidth,1.2,5.8989,,1.0000
int__tai50_15_03,50_15,GP-nowidth,1.4,6.8135,,1.0000
int__tai50_15_03,50_15,GP-rob1,1.0,4.5748,9.5086,1.0000
int__tai50_15_03,50_15,GP-rob1,1.2,5.4511,,1.0000
int__tai50_15_03,50_15,GP-rob1,1.4,6.1128,,1.0000
int__tai50_15_03,50_15,GP-rob1-nw,1.0,4.1689,11.1689,1.0000
int__tai50_15_03,50_15,GP-rob1-nw,1.2,5.3238,,1.0000
int__tai50_15_03,50_15,GP-rob1-nw,1.4,6.5073,,1.0000
int__tai50_15_03,50_15,GP-rob4,1.0,3.5825,8.2056,1.0000
int__tai50_15_03,50_15,GP-rob4,1.2,4.3539,,1.0000
int__tai50_15_03,50_15,GP-rob4,1.4,4.8759,,1.0000
int__tai50_15_04,50_15,GP,1.0,5.4005,13.3464,1.0000
int__tai50_15_04,50_15,GP,1.2,6.3433,,1.0000
int__tai50_15_04,50_15,GP,1.4,7.2867,,1.0000
int__tai50_15_04,50_15,EST,1.0,6.3703,15.3263,1.0000
int__tai50_15_04,50_15,EST,1.2,7.1295,,1.0000
int__tai50_15_04,50_15,EST,1.4,8.4999,,1.0000
int__tai50_15_04,50_15,GT-MWKR,1.0,5.9624,16.4392,1.0000
int__tai50_15_04,50_15,GT-MWKR,1.2,7.1250,,1.0000
int__tai50_15_04,50_15,GT-MWKR,1.4,7.8209,,1.0000
int__tai50_15_04,50_15,GP-nowidth,1.0,4.9691,14.3319,1.0000
int__tai50_15_04,50_15,GP-nowidth,1.2,5.8912,,1.0000
int__tai50_15_04,50_15,GP-nowidth,1.4,6.4131,,1.0000
int__tai50_15_04,50_15,GP-rob1,1.0,4.3519,11.1939,1.0000
int__tai50_15_04,50_15,GP-rob1,1.2,4.7491,,1.0000
int__tai50_15_04,50_15,GP-rob1,1.4,5.6891,,1.0000
int__tai50_15_04,50_15,GP-rob1-nw,1.0,4.4705,13.7989,1.0000
int__tai50_15_04,50_15,GP-rob1-nw,1.2,5.5023,,1.0000
int__tai50_15_04,50_15,GP-rob1-nw,1.4,6.1726,,1.0000
int__tai50_15_04,50_15,GP-rob4,1.0,3.6305,8.8020,1.0000
int__tai50_15_04,50_15,GP-rob4,1.2,4.5208,,1.0000
int__tai50_15_04,50_15,GP-rob4,1.4,5.5768,,1.0000
int__tai50_15_05,50_15,GP,1.0,3.7610,11.0842,1.0000
int__tai50_15_05,50_15,GP,1.2,4.4686,,1.0000
int__tai50_15_05,50_15,GP,1.4,5.0694,,1.0000
int__tai50_15_05,50_15,EST,1.0,5.0852,13.6847,1.0000
int__tai50_15_05,50_15,EST,1.2,6.3382,,1.0000
int__tai50_15_05,50_15,EST,1.4,6.9418,,1.0000
int__tai50_15_05,50_15,GT-MWKR,1.0,5.2109,14.0422,1.0000
int__tai50_15_05,50_15,GT-MWKR,1.2,5.9165,,1.0000
int__tai50_15_05,50_15,GT-MWKR,1.4,6.2825,,1.0000
int__tai50_15_05,50_15,GP-nowidth,1.0,5.8718,12.1457,1.0000
int__tai50_15_05,50_15,GP-nowidth,1.2,7.4949,,1.0000
int__tai50_15_05,50_15,GP-nowidth,1.4,7.8215,,1.0000
int__tai50_15_05,50_15,GP-rob1,1.0,3.8663,9.2045,1.0000
int__tai50_15_05,50_15,GP-rob1,1.2,4.6775,,1.0000
int__tai50_15_05,50_15,GP-rob1,1.4,5.0606,,1.0000
int__tai50_15_05,50_15,GP-rob1-nw,1.0,4.1550,11.3607,1.0000
int__tai50_15_05,50_15,GP-rob1-nw,1.2,4.8592,,1.0000
int__tai50_15_05,50_15,GP-rob1-nw,1.4,5.6518,,1.0000
int__tai50_15_05,50_15,GP-rob4,1.0,3.0820,7.7358,1.0000
int__tai50_15_05,50_15,GP-rob4,1.2,3.7390,,1.0000
int__tai50_15_05,50_15,GP-rob4,1.4,4.3565,,1.0000
int__tai50_15_06,50_15,GP,1.0,4.7214,11.9287,1.0000
int__tai50_15_06,50_15,GP,1.2,5.0724,,1.0000
int__tai50_15_06,50_15,GP,1.4,5.8113,,1.0000
int__tai50_15_06,50_15,EST,1.0,4.7216,12.4867,1.0000
int__tai50_15_06,50_15,EST,1.2,5.5246,,1.0000
int__tai50_15_06,50_15,EST,1.4,6.4717,,1.0000
int__tai50_15_06,50_15,GT-MWKR,1.0,5.3286,15.2138,1.0000
int__tai50_15_06,50_15,GT-MWKR,1.2,6.4185,,1.0000
int__tai50_15_06,50_15,GT-MWKR,1.4,6.8007,,1.0000
int__tai50_15_06,50_15,GP-nowidth,1.0,4.6136,12.3571,1.0000
int__tai50_15_06,50_15,GP-nowidth,1.2,5.1642,,1.0000
int__tai50_15_06,50_15,GP-nowidth,1.4,5.8687,,1.0000
int__tai50_15_06,50_15,GP-rob1,1.0,3.3205,7.6043,1.0000
int__tai50_15_06,50_15,GP-rob1,1.2,3.9203,,1.0000
int__tai50_15_06,50_15,GP-rob1,1.4,5.2318,,1.0000
int__tai50_15_06,50_15,GP-rob1-nw,1.0,3.8655,11.1760,1.0000
int__tai50_15_06,50_15,GP-rob1-nw,1.2,4.4648,,1.0000
int__tai50_15_06,50_15,GP-rob1-nw,1.4,4.9532,,1.0000
int__tai50_15_06,50_15,GP-rob4,1.0,3.0436,7.4769,1.0000
int__tai50_15_06,50_15,GP-rob4,1.2,3.4818,,1.0000
int__tai50_15_06,50_15,GP-rob4,1.4,3.9517,,1.0000
int__tai50_15_07,50_15,GP,1.0,4.9920,13.7300,1.0000
int__tai50_15_07,50_15,GP,1.2,6.1888,,1.0000
int__tai50_15_07,50_15,GP,1.4,7.5491,,1.0000
int__tai50_15_07,50_15,EST,1.0,3.7858,14.0082,1.0000
int__tai50_15_07,50_15,EST,1.2,4.5910,,1.0000
int__tai50_15_07,50_15,EST,1.4,5.2954,,1.0000
int__tai50_15_07,50_15,GT-MWKR,1.0,6.3343,14.9837,1.0000
int__tai50_15_07,50_15,GT-MWKR,1.2,8.0220,,1.0000
int__tai50_15_07,50_15,GT-MWKR,1.4,8.9762,,1.0000
int__tai50_15_07,50_15,GP-nowidth,1.0,4.2499,13.2678,1.0000
int__tai50_15_07,50_15,GP-nowidth,1.2,4.7760,,1.0000
int__tai50_15_07,50_15,GP-nowidth,1.4,5.7861,,1.0000
int__tai50_15_07,50_15,GP-rob1,1.0,3.7991,10.4738,1.0000
int__tai50_15_07,50_15,GP-rob1,1.2,4.3367,,1.0000
int__tai50_15_07,50_15,GP-rob1,1.4,4.6556,,1.0000
int__tai50_15_07,50_15,GP-rob1-nw,1.0,5.5137,12.7116,1.0000
int__tai50_15_07,50_15,GP-rob1-nw,1.2,6.0310,,1.0000
int__tai50_15_07,50_15,GP-rob1-nw,1.4,6.6081,,1.0000
int__tai50_15_07,50_15,GP-rob4,1.0,4.4124,10.4797,1.0000
int__tai50_15_07,50_15,GP-rob4,1.2,5.3584,,1.0000
int__tai50_15_07,50_15,GP-rob4,1.4,5.6848,,1.0000
int__tai50_15_08,50_15,GP,1.0,5.7746,14.1026,1.0000
int__tai50_15_08,50_15,GP,1.2,6.8457,,1.0000
int__tai50_15_08,50_15,GP,1.4,7.1163,,1.0000
int__tai50_15_08,50_15,EST,1.0,4.3541,12.5631,1.0000
int__tai50_15_08,50_15,EST,1.2,4.8064,,1.0000
int__tai50_15_08,50_15,EST,1.4,5.1645,,1.0000
int__tai50_15_08,50_15,GT-MWKR,1.0,5.4298,14.7386,1.0000
int__tai50_15_08,50_15,GT-MWKR,1.2,6.4932,,1.0000
int__tai50_15_08,50_15,GT-MWKR,1.4,7.4588,,1.0000
int__tai50_15_08,50_15,GP-nowidth,1.0,4.7559,13.6681,1.0000
int__tai50_15_08,50_15,GP-nowidth,1.2,5.9025,,1.0000
int__tai50_15_08,50_15,GP-nowidth,1.4,6.5286,,1.0000
int__tai50_15_08,50_15,GP-rob1,1.0,4.4588,10.3331,1.0000
int__tai50_15_08,50_15,GP-rob1,1.2,4.9331,,1.0000
int__tai50_15_08,50_15,GP-rob1,1.4,5.6639,,1.0000
int__tai50_15_08,50_15,GP-rob1-nw,1.0,4.8009,12.8621,1.0000
int__tai50_15_08,50_15,GP-rob1-nw,1.2,5.6713,,1.0000
int__tai50_15_08,50_15,GP-rob1-nw,1.4,6.6704,,1.0000
int__tai50_15_08,50_15,GP-rob4,1.0,2.8432,7.2135,1.0000
int__tai50_15_08,50_15,GP-rob4,1.2,3.4192,,1.0000
int__tai50_15_08,50_15,GP-rob4,1.4,3.9318,,1.0000
int__tai50_15_09,50_15,GP,1.0,5.2722,12.5504,1.0000
int__tai50_15_09,50_15,GP,1.2,6.2218,,1.0000
int__tai50_15_09,50_15,GP,1.4,6.8640,,1.0000
int__tai50_15_09,50_15,EST,1.0,4.5234,14.7619,1.0000
int__tai50_15_09,50_15,EST,1.2,5.9640,,1.0000
int__tai50_15_09,50_15,EST,1.4,7.4407,,1.0000
int__tai50_15_09,50_15,GT-MWKR,1.0,5.0928,12.9260,1.0000
int__tai50_15_09,50_15,GT-MWKR,1.2,5.8564,,1.0000
int__tai50_15_09,50_15,GT-MWKR,1.4,6.4672,,1.0000
int__tai50_15_09,50_15,GP-nowidth,1.0,4.2972,11.4003,1.0000
int__tai50_15_09,50_15,GP-nowidth,1.2,5.2100,,1.0000
int__tai50_15_09,50_15,GP-nowidth,1.4,6.1230,,1.0000
int__tai50_15_09,50_15,GP-rob1,1.0,3.3533,8.3386,1.0000
int__tai50_15_09,50_15,GP-rob1,1.2,3.9439,,1.0000
int__tai50_15_09,50_15,GP-rob1,1.4,4.6256,,1.0000
int__tai50_15_09,50_15,GP-rob1-nw,1.0,4.3036,10.9615,1.0000
int__tai50_15_09,50_15,GP-rob1-nw,1.2,5.2716,,1.0000
int__tai50_15_09,50_15,GP-rob1-nw,1.4,6.4180,,1.0000
int__tai50_15_09,50_15,GP-rob4,1.0,3.2901,7.6437,1.0000
int__tai50_15_09,50_15,GP-rob4,1.2,3.7442,,1.0000
int__tai50_15_09,50_15,GP-rob4,1.4,4.1560,,1.0000
int__tai50_15_10,50_15,GP,1.0,4.2959,11.5067,1.0000
int__tai50_15_10,50_15,GP,1.2,4.9836,,1.0000
int__tai50_15_10,50_15,GP,1.4,5.6541,,1.0000
int__tai50_15_10,50_15,EST,1.0,5.4072,15.3168,1.0000
int__tai50_15_10,50_15,EST,1.2,6.5312,,1.0000
int__tai50_15_10,50_15,EST,1.4,7.3765,,1.0000
int__tai50_15_10,50_15,GT-MWKR,1.0,4.4092,12.9408,1.0000
int__tai50_15_10,50_15,GT-MWKR,1.2,5.4273,,1.0000
int__tai50_15_10,50_15,GT-MWKR,1.4,6.1850,,1.0000
int__tai50_15_10,50_15,GP-nowidth,1.0,3.8425,11.8497,1.0000
int__tai50_15_10,50_15,GP-nowidth,1.2,4.4959,,1.0000
int__tai50_15_10,50_15,GP-nowidth,1.4,5.2698,,1.0000
int__tai50_15_10,50_15,GP-rob1,1.0,4.0072,9.4675,1.0000
int__tai50_15_10,50_15,GP-rob1,1.2,4.4120,,1.0000
int__tai50_15_10,50_15,GP-rob1,1.4,5.0194,,1.0000
int__tai50_15_10,50_15,GP-rob1-nw,1.0,6.0054,12.3649,1.0000
int__tai50_15_10,50_15,GP-rob1-nw,1.2,7.2554,,1.0000
int__tai50_15_10,50_15,GP-rob1-nw,1.4,7.8163,,1.0000
int__tai50_15_10,50_15,GP-rob4,1.0,2.8682,7.5764,1.0000
int__tai50_15_10,50_15,GP-rob4,1.2,3.3600,,1.0000
int__tai50_15_10,50_15,GP-rob4,1.4,3.9626,,1.0000
int__tai50_20_01,50_20,GP,1.0,4.7622,11.3629,1.0000
int__tai50_20_01,50_20,GP,1.2,5.2194,,1.0000
int__tai50_20_01,50_20,GP,1.4,5.6736,,1.0000
int__tai50_20_01,50_20,EST,1.0,3.8519,10.5742,1.0000
int__tai50_20_01,50_20,EST,1.2,4.1009,,1.0000
int__tai50_20_01,50_20,EST,1.4,4.5529,,1.0000
int__tai50_20_01,50_20,GT-MWKR,1.0,5.0133,13.9043,1.0000
int__tai50_20_01,50_20,GT-MWKR,1.2,6.0307,,1.0000
int__tai50_20_01,50_20,GT-MWKR,1.4,6.9253,,1.0000
int__tai50_20_01,50_20,GP-nowidth,1.0,4.2864,11.8919,1.0000
int__tai50_20_01,50_20,GP-nowidth,1.2,4.8836,,1.0000
int__tai50_20_01,50_20,GP-nowidth,1.4,5.6247,,1.0000
int__tai50_20_01,50_20,GP-rob1,1.0,3.8253,9.4698,1.0000
int__tai50_20_01,50_20,GP-rob1,1.2,4.5605,,1.0000
int__tai50_20_01,50_20,GP-rob1,1.4,5.1409,,1.0000
int__tai50_20_01,50_20,GP-rob1-nw,1.0,4.8818,12.3032,1.0000
int__tai50_20_01,50_20,GP-rob1-nw,1.2,6.3057,,1.0000
int__tai50_20_01,50_20,GP-rob1-nw,1.4,7.3245,,1.0000
int__tai50_20_01,50_20,GP-rob4,1.0,3.5861,8.7077,1.0000
int__tai50_20_01,50_20,GP-rob4,1.2,4.1000,,1.0000
int__tai50_20_01,50_20,GP-rob4,1.4,4.8168,,1.0000
int__tai50_20_02,50_20,GP,1.0,4.2370,12.7900,1.0000
int__tai50_20_02,50_20,GP,1.2,4.9697,,1.0000
int__tai50_20_02,50_20,GP,1.4,5.7351,,1.0000
int__tai50_20_02,50_20,EST,1.0,4.6501,13.8208,1.0000
int__tai50_20_02,50_20,EST,1.2,5.3797,,1.0000
int__tai50_20_02,50_20,EST,1.4,6.3622,,1.0000
int__tai50_20_02,50_20,GT-MWKR,1.0,4.9338,13.5811,1.0000
int__tai50_20_02,50_20,GT-MWKR,1.2,5.7577,,1.0000
int__tai50_20_02,50_20,GT-MWKR,1.4,6.5473,,1.0000
int__tai50_20_02,50_20,GP-nowidth,1.0,4.4587,11.7785,1.0000
int__tai50_20_02,50_20,GP-nowidth,1.2,5.6145,,1.0000
int__tai50_20_02,50_20,GP-nowidth,1.4,6.3296,,1.0000
int__tai50_20_02,50_20,GP-rob1,1.0,3.3495,8.2548,1.0000
int__tai50_20_02,50_20,GP-rob1,1.2,3.7266,,1.0000
int__tai50_20_02,50_20,GP-rob1,1.4,4.2593,,1.0000
int__tai50_20_02,50_20,GP-rob1-nw,1.0,5.9880,12.7037,1.0000
int__tai50_20_02,50_20,GP-rob1-nw,1.2,6.9438,,1.0000
int__tai50_20_02,50_20,GP-rob1-nw,1.4,7.7302,,1.0000
int__tai50_20_02,50_20,GP-rob4,1.0,3.8400,8.0537,1.0000
int__tai50_20_02,50_20,GP-rob4,1.2,4.4107,,1.0000
int__tai50_20_02,50_20,GP-rob4,1.4,4.5993,,1.0000
int__tai50_20_03,50_20,GP,1.0,4.1988,11.4295,1.0000
int__tai50_20_03,50_20,GP,1.2,4.6515,,1.0000
int__tai50_20_03,50_20,GP,1.4,5.1529,,1.0000
int__tai50_20_03,50_20,EST,1.0,4.3563,14.0411,1.0000
int__tai50_20_03,50_20,EST,1.2,5.2842,,1.0000
int__tai50_20_03,50_20,EST,1.4,6.2871,,1.0000
int__tai50_20_03,50_20,GT-MWKR,1.0,5.0493,13.5484,1.0000
int__tai50_20_03,50_20,GT-MWKR,1.2,5.7172,,1.0000
int__tai50_20_03,50_20,GT-MWKR,1.4,6.0209,,1.0000
int__tai50_20_03,50_20,GP-nowidth,1.0,5.6012,13.7004,1.0000
int__tai50_20_03,50_20,GP-nowidth,1.2,6.3906,,1.0000
int__tai50_20_03,50_20,GP-nowidth,1.4,7.2842,,1.0000
int__tai50_20_03,50_20,GP-rob1,1.0,3.6515,8.8443,1.0000
int__tai50_20_03,50_20,GP-rob1,1.2,4.3732,,1.0000
int__tai50_20_03,50_20,GP-rob1,1.4,4.9177,,1.0000
int__tai50_20_03,50_20,GP-rob1-nw,1.0,5.8898,13.1051,1.0000
int__tai50_20_03,50_20,GP-rob1-nw,1.2,6.4426,,1.0000
int__tai50_20_03,50_20,GP-rob1-nw,1.4,8.0702,,1.0000
int__tai50_20_03,50_20,GP-rob4,1.0,3.3936,8.9280,1.0000
int__tai50_20_03,50_20,GP-rob4,1.2,3.8314,,1.0000
int__tai50_20_03,50_20,GP-rob4,1.4,4.3465,,1.0000
int__tai50_20_04,50_20,GP,1.0,4.4853,11.5163,1.0000
int__tai50_20_04,50_20,GP,1.2,5.0892,,1.0000
int__tai50_20_04,50_20,GP,1.4,5.5770,,1.0000
int__tai50_20_04,50_20,EST,1.0,5.5665,13.8725,1.0000
int__tai50_20_04,50_20,EST,1.2,6.3103,,1.0000
int__tai50_20_04,50_20,EST,1.4,7.0111,,1.0000
int__tai50_20_04,50_20,GT-MWKR,1.0,4.3997,13.8020,1.0000
int__tai50_20_04,50_20,GT-MWKR,1.2,5.6002,,1.0000
int__tai50_20_04,50_20,GT-MWKR,1.4,6.3674,,1.0000
int__tai50_20_04,50_20,GP-nowidth,1.0,4.4487,13.0853,1.0000
int__tai50_20_04,50_20,GP-nowidth,1.2,5.0484,,1.0000
int__tai50_20_04,50_20,GP-nowidth,1.4,5.6727,,1.0000
int__tai50_20_04,50_20,GP-rob1,1.0,3.9362,8.8127,1.0000
int__tai50_20_04,50_20,GP-rob1,1.2,4.3808,,1.0000
int__tai50_20_04,50_20,GP-rob1,1.4,4.7328,,1.0000
int__tai50_20_04,50_20,GP-rob1-nw,1.0,6.5632,14.4169,1.0000
int__tai50_20_04,50_20,GP-rob1-nw,1.2,7.5841,,1.0000
int__tai50_20_04,50_20,GP-rob1-nw,1.4,8.6451,,1.0000
int__tai50_20_04,50_20,GP-rob4,1.0,3.5949,8.4606,1.0000
int__tai50_20_04,50_20,GP-rob4,1.2,4.1756,,1.0000
int__tai50_20_04,50_20,GP-rob4,1.4,4.1530,,1.0000
int__tai50_20_05,50_20,GP,1.0,5.0046,11.7862,1.0000
int__tai50_20_05,50_20,GP,1.2,5.7528,,1.0000
int__tai50_20_05,50_20,GP,1.4,6.7454,,1.0000
int__tai50_20_05,50_20,EST,1.0,3.6229,11.6046,1.0000
int__tai50_20_05,50_20,EST,1.2,4.1025,,1.0000
int__tai50_20_05,50_20,EST,1.4,4.7114,,1.0000
int__tai50_20_05,50_20,GT-MWKR,1.0,4.8201,13.2129,1.0000
int__tai50_20_05,50_20,GT-MWKR,1.2,5.8108,,1.0000
int__tai50_20_05,50_20,GT-MWKR,1.4,7.0655,,1.0000
int__tai50_20_05,50_20,GP-nowidth,1.0,4.5465,11.7755,1.0000
int__tai50_20_05,50_20,GP-nowidth,1.2,5.1827,,1.0000
int__tai50_20_05,50_20,GP-nowidth,1.4,6.5476,,1.0000
int__tai50_20_05,50_20,GP-rob1,1.0,3.5246,8.8725,1.0000
int__tai50_20_05,50_20,GP-rob1,1.2,4.1219,,1.0000
int__tai50_20_05,50_20,GP-rob1,1.4,4.5560,,1.0000
int__tai50_20_05,50_20,GP-rob1-nw,1.0,4.1776,11.0820,1.0000
int__tai50_20_05,50_20,GP-rob1-nw,1.2,4.7815,,1.0000
int__tai50_20_05,50_20,GP-rob1-nw,1.4,5.6070,,1.0000
int__tai50_20_05,50_20,GP-rob4,1.0,3.3198,8.2071,1.0000
int__tai50_20_05,50_20,GP-rob4,1.2,3.9032,,1.0000
int__tai50_20_05,50_20,GP-rob4,1.4,4.3509,,1.0000
int__tai50_20_06,50_20,GP,1.0,4.6384,12.3410,1.0000
int__tai50_20_06,50_20,GP,1.2,4.8805,,1.0000
int__tai50_20_06,50_20,GP,1.4,5.3670,,1.0000
int__tai50_20_06,50_20,EST,1.0,3.5332,10.8108,1.0000
int__tai50_20_06,50_20,EST,1.2,4.0750,,1.0000
int__tai50_20_06,50_20,EST,1.4,4.5269,,1.0000
int__tai50_20_06,50_20,GT-MWKR,1.0,5.1884,14.7172,1.0000
int__tai50_20_06,50_20,GT-MWKR,1.2,6.4595,,1.0000
int__tai50_20_06,50_20,GT-MWKR,1.4,7.4886,,1.0000
int__tai50_20_06,50_20,GP-nowidth,1.0,3.8105,12.5870,1.0000
int__tai50_20_06,50_20,GP-nowidth,1.2,4.6452,,1.0000
int__tai50_20_06,50_20,GP-nowidth,1.4,5.2404,,1.0000
int__tai50_20_06,50_20,GP-rob1,1.0,3.2376,9.4307,1.0000
int__tai50_20_06,50_20,GP-rob1,1.2,3.9947,,1.0000
int__tai50_20_06,50_20,GP-rob1,1.4,4.4078,,1.0000
int__tai50_20_06,50_20,GP-rob1-nw,1.0,6.1465,12.7049,1.0000
int__tai50_20_06,50_20,GP-rob1-nw,1.2,7.3483,,1.0000
int__tai50_20_06,50_20,GP-rob1-nw,1.4,8.8146,,1.0000
int__tai50_20_06,50_20,GP-rob4,1.0,3.1237,7.1532,1.0000
int__tai50_20_06,50_20,GP-rob4,1.2,3.4084,,1.0000
int__tai50_20_06,50_20,GP-rob4,1.4,4.0724,,1.0000
int__tai50_20_07,50_20,GP,1.0,5.7929,13.2145,1.0000
int__tai50_20_07,50_20,GP,1.2,7.0567,,1.0000
int__tai50_20_07,50_20,GP,1.4,7.6220,,1.0000
int__tai50_20_07,50_20,EST,1.0,4.8484,13.7634,1.0000
int__tai50_20_07,50_20,EST,1.2,5.6671,,1.0000
int__tai50_20_07,50_20,EST,1.4,6.9724,,1.0000
int__tai50_20_07,50_20,GT-MWKR,1.0,5.4856,15.6048,1.0000
int__tai50_20_07,50_20,GT-MWKR,1.2,6.3414,,1.0000
int__tai50_20_07,50_20,GT-MWKR,1.4,7.5577,,1.0000
int__tai50_20_07,50_20,GP-nowidth,1.0,5.5397,13.7139,1.0000
int__tai50_20_07,50_20,GP-nowidth,1.2,6.5876,,1.0000
int__tai50_20_07,50_20,GP-nowidth,1.4,8.5408,,1.0000
int__tai50_20_07,50_20,GP-rob1,1.0,2.2483,7.0568,1.0000
int__tai50_20_07,50_20,GP-rob1,1.2,3.1920,,1.0000
int__tai50_20_07,50_20,GP-rob1,1.4,4.3652,,1.0000
int__tai50_20_07,50_20,GP-rob1-nw,1.0,5.8477,12.8500,1.0000
int__tai50_20_07,50_20,GP-rob1-nw,1.2,6.2731,,1.0000
int__tai50_20_07,50_20,GP-rob1-nw,1.4,7.0539,,1.0000
int__tai50_20_07,50_20,GP-rob4,1.0,2.8071,7.7338,1.0000
int__tai50_20_07,50_20,GP-rob4,1.2,3.1824,,1.0000
int__tai50_20_07,50_20,GP-rob4,1.4,3.6574,,1.0000
int__tai50_20_08,50_20,GP,1.0,3.8608,12.2727,1.0000
int__tai50_20_08,50_20,GP,1.2,4.7989,,1.0000
int__tai50_20_08,50_20,GP,1.4,5.3683,,1.0000
int__tai50_20_08,50_20,EST,1.0,4.2698,12.3983,1.0000
int__tai50_20_08,50_20,EST,1.2,5.4255,,1.0000
int__tai50_20_08,50_20,EST,1.4,6.3280,,1.0000
int__tai50_20_08,50_20,GT-MWKR,1.0,5.0559,13.9282,1.0000
int__tai50_20_08,50_20,GT-MWKR,1.2,6.1727,,1.0000
int__tai50_20_08,50_20,GT-MWKR,1.4,7.4843,,1.0000
int__tai50_20_08,50_20,GP-nowidth,1.0,4.3848,11.4765,1.0000
int__tai50_20_08,50_20,GP-nowidth,1.2,5.2076,,1.0000
int__tai50_20_08,50_20,GP-nowidth,1.4,5.9633,,1.0000
int__tai50_20_08,50_20,GP-rob1,1.0,3.1398,8.4464,1.0000
int__tai50_20_08,50_20,GP-rob1,1.2,3.7178,,1.0000
int__tai50_20_08,50_20,GP-rob1,1.4,4.5700,,1.0000
int__tai50_20_08,50_20,GP-rob1-nw,1.0,5.0995,12.4919,1.0000
int__tai50_20_08,50_20,GP-rob1-nw,1.2,5.8458,,1.0000
int__tai50_20_08,50_20,GP-rob1-nw,1.4,6.2891,,1.0000
int__tai50_20_08,50_20,GP-rob4,1.0,4.5113,10.4770,1.0000
int__tai50_20_08,50_20,GP-rob4,1.2,5.3598,,1.0000
int__tai50_20_08,50_20,GP-rob4,1.4,6.1255,,1.0000
int__tai50_20_09,50_20,GP,1.0,5.3548,13.8180,1.0000
int__tai50_20_09,50_20,GP,1.2,6.2211,,1.0000
int__tai50_20_09,50_20,GP,1.4,7.0599,,1.0000
int__tai50_20_09,50_20,EST,1.0,3.3914,13.1408,1.0000
int__tai50_20_09,50_20,EST,1.2,4.0494,,1.0000
int__tai50_20_09,50_20,EST,1.4,4.7690,,1.0000
int__tai50_20_09,50_20,GT-MWKR,1.0,5.0491,14.4751,1.0000
int__tai50_20_09,50_20,GT-MWKR,1.2,5.9927,,1.0000
int__tai50_20_09,50_20,GT-MWKR,1.4,6.5013,,1.0000
int__tai50_20_09,50_20,GP-nowidth,1.0,5.6029,13.1074,1.0000
int__tai50_20_09,50_20,GP-nowidth,1.2,6.6783,,1.0000
int__tai50_20_09,50_20,GP-nowidth,1.4,7.9172,,1.0000
int__tai50_20_09,50_20,GP-rob1,1.0,3.2776,9.0403,1.0000
int__tai50_20_09,50_20,GP-rob1,1.2,3.8602,,1.0000
int__tai50_20_09,50_20,GP-rob1,1.4,4.2629,,1.0000
int__tai50_20_09,50_20,GP-rob1-nw,1.0,5.8135,12.6328,1.0000
int__tai50_20_09,50_20,GP-rob1-nw,1.2,6.4518,,1.0000
int__tai50_20_09,50_20,GP-rob1-nw,1.4,7.3790,,1.0000
int__tai50_20_09,50_20,GP-rob4,1.0,3.2215,8.3354,1.0000
int__tai50_20_09,50_20,GP-rob4,1.2,3.8078,,1.0000
int__tai50_20_09,50_20,GP-rob4,1.4,4.1514,,1.0000
int__tai50_20_10,50_20,GP,1.0,4.1106,12.0744,1.0000
int__tai50_20_10,50_20,GP,1.2,5.1411,,1.0000
int__tai50_20_10,50_20,GP,1.4,5.9763,,1.0000
int__tai50_20_10,50_20,EST,1.0,4.2087,13.5795,1.0000
int__tai50_20_10,50_20,EST,1.2,5.0466,,1.0000
int__tai50_20_10,50_20,EST,1.4,5.5143,,1.0000
int__tai50_20_10,50_20,GT-MWKR,1.0,4.4877,13.5823,1.0000
int__tai50_20_10,50_20,GT-MWKR,1.2,5.2910,,1.0000
int__tai50_20_10,50_20,GT-MWKR,1.4,6.4213,,1.0000
int__tai50_20_10,50_20,GP-nowidth,1.0,4.6349,11.5984,1.0000
int__tai50_20_10,50_20,GP-nowidth,1.2,5.6611,,1.0000
int__tai50_20_10,50_20,GP-nowidth,1.4,6.7734,,1.0000
int__tai50_20_10,50_20,GP-rob1,1.0,4.1426,7.7064,1.0000
int__tai50_20_10,50_20,GP-rob1,1.2,5.3661,,1.0000
int__tai50_20_10,50_20,GP-rob1,1.4,7.1909,,1.0000
int__tai50_20_10,50_20,GP-rob1-nw,1.0,4.4345,11.3347,1.0000
int__tai50_20_10,50_20,GP-rob1-nw,1.2,5.4373,,1.0000
int__tai50_20_10,50_20,GP-rob1-nw,1.4,6.0387,,1.0000
int__tai50_20_10,50_20,GP-rob4,1.0,3.2887,8.1292,1.0000
int__tai50_20_10,50_20,GP-rob4,1.2,3.7246,,1.0000
int__tai50_20_10,50_20,GP-rob4,1.4,4.1344,,1.0000
