method,15_15,20_15,20_20,30_15,30_20,50_15,50_20,all,sd
SPT,398.19,514.93,632.87,592.60,772.01,640.86,838.64,627.16,152.22
LPT,475.90,564.39,681.15,656.24,881.82,689.97,975.90,703.62,167.97
EST,32.29,49.24,41.51,42.38,56.57,33.19,41.04,42.32,10.56
CR,421.31,529.29,617.35,601.39,778.22,600.54,832.11,625.74,140.55
MWKR,58.42,59.57,64.37,69.19,75.73,61.06,64.87,64.74,10.37
MOR,41.43,46.65,47.25,44.09,58.77,34.13,45.88,45.46,10.07
G&T-SPT,59.64,71.82,67.51,76.32,79.90,68.15,70.97,70.62,9.98
G&T-MWKR,26.75,28.95,30.89,33.59,36.82,23.89,25.47,29.48,6.39
GP (best),16.59,15.29,17.91,18.94,24.65,13.27,14.44,17.30,5.26
