instance,cls,checkpoint,re_mid
int__tai15_15_01,15_15,v2_final_deepsets_1000ep_seed2.pt,18.6028
int__tai15_15_01,15_15,v2_final_deepsets_1000ep_seed3.pt,16.2063
int__tai15_15_01,15_15,v2_final_deepsets_1000ep_seed4.pt,15.4752
int__tai15_15_02,15_15,v2_final_deepsets_1000ep_seed2.pt,20.0161
int__tai15_15_02,15_15,v2_final_deepsets_1000ep_seed3.pt,20.5788
int__tai15_15_02,15_15,v2_final_deepsets_1000ep_seed4.pt,17.2026
int__tai15_15_03,15_15,v2_final_deepsets_1000ep_seed2.pt,16.9130
int__tai15_15_03,15_15,v2_final_deepsets_1000ep_seed3.pt,19.4992
int__tai15_15_03,15_15,v2_final_deepsets_1000ep_seed4.pt,14.0805
int__tai15_15_04,15_15,v2_final_deepsets_1000ep_seed2.pt,19.7021
int__tai15_15_04,15_15,v2_final_deepsets_1000ep_seed3.pt,24.0851
int__tai15_15_04,15_15,v2_final_deepsets_1000ep_seed4.pt,21.2766
int__tai15_15_05,15_15,v2_final_deepsets_1000ep_seed2.pt,13.5621
int__tai15_15_05,15_15,v2_final_deepsets_1000ep_seed3.pt,16.5850
int__tai15_15_05,15_15,v2_final_deepsets_1000ep_seed4.pt,20.9559
int__tai15_15_06,15_15,v2_final_deepsets_1000ep_seed2.pt,10.2181
int__tai15_15_06,15_15,v2_final_deepsets_1000ep_seed3.pt,9.3700
int__tai15_15_06,15_15,v2_final_deepsets_1000ep_seed4.pt,13.5299
int__tai15_15_07,15_15,v2_final_deepsets_1000ep_seed2.pt,12.8362
int__tai15_15_07,15_15,v2_final_deepsets_1000ep_seed3.pt,20.9454
int__tai15_15_07,15_15,v2_final_deepsets_1000ep_seed4.pt,16.2999
int__tai15_15_08,15_15,v2_final_deepsets_1000ep_seed2.pt,11.0929
int__tai15_15_08,15_15,v2_final_deepsets_1000ep_seed3.pt,15.5711
int__tai15_15_08,15_15,v2_final_deepsets_1000ep_seed4.pt,23.6647
int__tai15_15_09,15_15,v2_final_deepsets_1000ep_seed2.pt,13.6970
int__tai15_15_09,15_15,v2_final_deepsets_1000ep_seed3.pt,17.4254
int__tai15_15_09,15_15,v2_final_deepsets_1000ep_seed4.pt,15.8163
int__tai15_15_10,15_15,v2_final_deepsets_1000ep_seed2.pt,12.2079
int__tai15_15_10,15_15,v2_final_deepsets_1000ep_seed3.pt,16.6801
int__tai15_15_10,15_15,v2_final_deepsets_1000ep_seed4.pt,21.7164
int__tai20_15_01,20_15,v2_final_deepsets_1000ep_seed2.pt,14.6647
int__tai20_15_01,20_15,v2_final_deepsets_1000ep_seed3.pt,22.9182
int__tai20_15_01,20_15,v2_final_deepsets_1000ep_seed4.pt,21.0022
int__tai20_15_02,20_15,v2_final_deepsets_1000ep_seed2.pt,22.3116
int__tai20_15_02,20_15,v2_final_deepsets_1000ep_seed3.pt,17.3007
int__tai20_15_02,20_15,v2_final_deepsets_1000ep_seed4.pt,11.7045
int__tai20_15_03,20_15,v2_final_deepsets_1000ep_seed2.pt,16.7660
int__tai20_15_03,20_15,v2_final_deepsets_1000ep_seed3.pt,20.2310
int__tai20_15_03,20_15,v2_final_deepsets_1000ep_seed4.pt,20.7899
int__tai20_15_04,20_15,v2_final_deepsets_1000ep_seed2.pt,15.5019
int__tai20_15_04,20_15,v2_final_deepsets_1000ep_seed3.pt,18.0669
int__tai20_15_04,20_15,v2_final_deepsets_1000ep_seed4.pt,18.5874
int__tai20_15_05,20_15,v2_final_deepsets_1000ep_seed2.pt,15.4966
int__tai20_15_05,20_15,v2_final_deepsets_1000ep_seed3.pt,25.2054
int__tai20_15_05,20_15,v2_final_deepsets_1000ep_seed4.pt,18.3719
int__tai20_15_06,20_15,v2_final_deepsets_1000ep_seed2.pt,13.6765
int__tai20_15_06,20_15,v2_final_deepsets_1000ep_seed3.pt,17.2059
int__tai20_15_06,20_15,v2_final_deepsets_1000ep_seed4.pt,20.4779
int__tai20_15_07,20_15,v2_final_deepsets_1000ep_seed2.pt,18.3311
int__tai20_15_07,20_15,v2_final_deepsets_1000ep_seed3.pt,13.9877
int__tai20_15_07,20_15,v2_final_deepsets_1000ep_seed4.pt,14.6717
int__tai20_15_08,20_15,v2_final_deepsets_1000ep_seed2.pt,22.9847
int__tai20_15_08,20_15,v2_final_deepsets_1000ep_seed3.pt,19.8620
int__tai20_15_08,20_15,v2_final_deepsets_1000ep_seed4.pt,20.3704
int__tai20_15_09,20_15,v2_final_deepsets_1000ep_seed2.pt,17.3423
int__tai20_15_09,20_15,v2_final_deepsets_1000ep_seed3.pt,18.8063
int__tai20_15_09,20_15,v2_final_deepsets_1000ep_seed4.pt,13.8889
int__tai20_15_10,20_15,v2_final_deepsets_1000ep_seed2.pt,18.3234
int__tai20_15_10,20_15,v2_final_deepsets_1000ep_seed3.pt,17.4703
int__tai20_15_10,20_15,v2_final_deepsets_1000ep_seed4.pt,21.3279
int__tai20_20_01,20_20,v2_final_deepsets_1000ep_seed2.pt,15.4994
int__tai20_20_01,20_20,v2_final_deepsets_1000ep_seed3.pt,16.5043
int__tai20_20_01,20_20,v2_final_deepsets_1000ep_seed4.pt,17.9354
int__tai20_20_02,20_20,v2_final_deepsets_1000ep_seed2.pt,20.4676
int__tai20_20_02,20_20,v2_final_deepsets_1000ep_seed3.pt,20.0833
int__tai20_20_02,20_20,v2_final_deepsets_1000ep_seed4.pt,22.1653
int__tai20_20_03,20_20,v2_final_deepsets_1000ep_seed2.pt,15.9750
int__tai20_20_03,20_20,v2_final_deepsets_1000ep_seed3.pt,14.5586
int__tai20_20_03,20_20,v2_final_deepsets_1000ep_seed4.pt,18.0830
int__tai20_20_04,20_20,v2_final_deepsets_1000ep_seed2.pt,16.3017
int__tai20_20_04,20_20,v2_final_deepsets_1000ep_seed3.pt,12.5912
int__tai20_20_04,20_20,v2_final_deepsets_1000ep_seed4.pt,16.5450
int__tai20_20_05,20_20,v2_final_deepsets_1000ep_seed2.pt,21.8228
int__tai20_20_05,20_20,v2_final_deepsets_1000ep_seed3.pt,13.9923
int__tai20_20_05,20_20,v2_final_deepsets_1000ep_seed4.pt,22.8819
int__tai20_20_06,20_20,v2_final_deepsets_1000ep_seed2.pt,15.6191
int__tai20_20_06,20_20,v2_final_deepsets_1000ep_seed3.pt,18.8561
int__tai20_20_06,20_20,v2_final_deepsets_1000ep_seed4.pt,19.5789
int__tai20_20_07,20_20,v2_final_deepsets_1000ep_seed2.pt,14.2554
int__tai20_20_07,20_20,v2_final_deepsets_1000ep_seed3.pt,14.4673
int__tai20_20_07,20_20,v2_final_deepsets_1000ep_seed4.pt,23.5169
int__tai20_20_08,20_20,v2_final_deepsets_1000ep_seed2.pt,22.0836
int__tai20_20_08,20_20,v2_final_deepsets_1000ep_seed3.pt,13.7867
int__tai20_20_08,20_20,v2_final_deepsets_1000ep_seed4.pt,18.4654
int__tai20_20_09,20_20,v2_final_deepsets_1000ep_seed2.pt,17.1194
int__tai20_20_09,20_20,v2_final_deepsets_1000ep_seed3.pt,20.0253
int__tai20_20_09,20_20,v2_final_deepsets_1000ep_seed4.pt,17.7827
int__tai20_20_10,20_20,v2_final_deepsets_1000ep_seed2.pt,23.5602
int__tai20_20_10,20_20,v2_final_deepsets_1000ep_seed3.pt,22.8076
int__tai20_20_10,20_20,v2_final_deepsets_1000ep_seed4.pt,26.6361
int__tai30_15_01,30_15,v2_final_deepsets_1000ep_seed2.pt,23.1009
int__tai30_15_01,30_15,v2_final_deepsets_1000ep_seed3.pt,23.2710
int__tai30_15_01,30_15,v2_final_deepsets_1000ep_seed4.pt,17.8571
int__tai30_15_02,30_15,v2_final_deepsets_1000ep_seed2.pt,21.8715
int__tai30_15_02,30_15,v2_final_deepsets_1000ep_seed3.pt,19.4758
int__tai30_15_02,30_15,v2_final_deepsets_1000ep_seed4.pt,24.9436
int__tai30_15_03,30_15,v2_final_deepsets_1000ep_seed2.pt,27.1253
int__tai30_15_03,30_15,v2_final_deepsets_1000ep_seed3.pt,23.2103
int__tai30_15_03,30_15,v2_final_deepsets_1000ep_seed4.pt,25.9508
int__tai30_15_04,30_15,v2_final_deepsets_1000ep_seed2.pt,20.3501
int__tai30_15_04,30_15,v2_final_deepsets_1000ep_seed3.pt,20.4595
int__tai30_15_04,30_15,v2_final_deepsets_1000ep_seed4.pt,22.0733
int__tai30_15_05,30_15,v2_final_deepsets_1000ep_seed2.pt,7.6731
int__tai30_15_05,30_15,v2_final_deepsets_1000ep_seed3.pt,13.1540
int__tai30_15_05,30_15,v2_final_deepsets_1000ep_seed4.pt,11.6592
int__tai30_15_06,30_15,v2_final_deepsets_1000ep_seed2.pt,18.3068
int__tai30_15_06,30_15,v2_final_deepsets_1000ep_seed3.pt,19.1864
int__tai30_15_06,30_15,v2_final_deepsets_1000ep_seed4.pt,19.2413
int__tai30_15_07,30_15,v2_final_deepsets_1000ep_seed2.pt,22.6708
int__tai30_15_07,30_15,v2_final_deepsets_1000ep_seed3.pt,24.9577
int__tai30_15_07,30_15,v2_final_deepsets_1000ep_seed4.pt,24.9859
int__tai30_15_08,30_15,v2_final_deepsets_1000ep_seed2.pt,23.0126
int__tai30_15_08,30_15,v2_final_deepsets_1000ep_seed3.pt,20.6814
int__tai30_15_08,30_15,v2_final_deepsets_1000ep_seed4.pt,25.9115
int__tai30_15_09,30_15,v2_final_deepsets_1000ep_seed2.pt,14.4568
int__tai30_15_09,30_15,v2_final_deepsets_1000ep_seed3.pt,17.7159
int__tai30_15_09,30_15,v2_final_deepsets_1000ep_seed4.pt,19.4150
int__tai30_15_10,30_15,v2_final_deepsets_1000ep_seed2.pt,25.0151
int__tai30_15_10,30_15,v2_final_deepsets_1000ep_seed3.pt,29.6790
int__tai30_15_10,30_15,v2_final_deepsets_1000ep_seed4.pt,29.1339
int__tai30_20_01,30_20,v2_final_deepsets_1000ep_seed2.pt,34.4701
int__tai30_20_01,30_20,v2_final_deepsets_1000ep_seed3.pt,28.4627
int__tai30_20_01,30_20,v2_final_deepsets_1000ep_seed4.pt,31.8993
int__tai30_20_02,30_20,v2_final_deepsets_1000ep_seed2.pt,22.6115
int__tai30_20_02,30_20,v2_final_deepsets_1000ep_seed3.pt,26.2473
int__tai30_20_02,30_20,v2_final_deepsets_1000ep_seed4.pt,27.3620
int__tai30_20_03,30_20,v2_final_deepsets_1000ep_seed2.pt,27.1973
int__tai30_20_03,30_20,v2_final_deepsets_1000ep_seed3.pt,31.1498
int__tai30_20_03,30_20,v2_final_deepsets_1000ep_seed4.pt,28.7452
int__tai30_20_04,30_20,v2_final_deepsets_1000ep_seed2.pt,24.4097
int__tai30_20_04,30_20,v2_final_deepsets_1000ep_seed3.pt,21.8172
int__tai30_20_04,30_20,v2_final_deepsets_1000ep_seed4.pt,21.6889
int__tai30_20_05,30_20,v2_final_deepsets_1000ep_seed2.pt,22.7091
int__tai30_20_05,30_20,v2_final_deepsets_1000ep_seed3.pt,21.5824
int__tai30_20_05,30_20,v2_final_deepsets_1000ep_seed4.pt,19.3040
int__tai30_20_06,30_20,v2_final_deepsets_1000ep_seed2.pt,23.0455
int__tai30_20_06,30_20,v2_final_deepsets_1000ep_seed3.pt,26.9801
int__tai30_20_06,30_20,v2_final_deepsets_1000ep_seed4.pt,20.6949
int__tai30_20_07,30_20,v2_final_deepsets_1000ep_seed2.pt,23.5196
int__tai30_20_07,30_20,v2_final_deepsets_1000ep_seed3.pt,27.6978
int__tai30_20_07,30_20,v2_final_deepsets_1000ep_seed4.pt,24.4051
int__tai30_20_08,30_20,v2_final_deepsets_1000ep_seed2.pt,20.4236
int__tai30_20_08,30_20,v2_final_deepsets_1000ep_seed3.pt,25.1308
int__tai30_20_08,30_20,v2_final_deepsets_1000ep_seed4.pt,27.6674
int__tai30_20_09,30_20,v2_final_deepsets_1000ep_seed2.pt,27.1362
int__tai30_20_09,30_20,v2_final_deepsets_1000ep_seed3.pt,28.9228
int__tai30_20_09,30_20,v2_final_deepsets_1000ep_seed4.pt,27.1103
int__tai30_20_10,30_20,v2_final_deepsets_1000ep_seed2.pt,31.4239
int__tai30_20_10,30_20,v2_final_deepsets_1000ep_seed3.pt,30.4419
int__tai30_20_10,30_20,v2_final_deepsets_1000ep_seed4.pt,28.6688
int__tai50_15_01,50_15,v2_final_deepsets_1000ep_seed2.pt,22.5906
int__tai50_15_01,50_15,v2_final_deepsets_1000ep_seed3.pt,20.4710
int__tai50_15_01,50_15,v2_final_deepsets_1000ep_seed4.pt,14.3116
int__tai50_15_02,50_15,v2_final_deepsets_1000ep_seed2.pt,14.7315
int__tai50_15_02,50_15,v2_final_deepsets_1000ep_seed3.pt,15.1125
int__tai50_15_02,50_15,v2_final_deepsets_1000ep_seed4.pt,18.1422
int__tai50_15_03,50_15,v2_final_deepsets_1000ep_seed2.pt,13.1947
int__tai50_15_03,50_15,v2_final_deepsets_1000ep_seed3.pt,18.2370
int__tai50_15_03,50_15,v2_final_deepsets_1000ep_seed4.pt,15.5318
int__tai50_15_04,50_15,v2_final_deepsets_1000ep_seed2.pt,9.0349
int__tai50_15_04,50_15,v2_final_deepsets_1000ep_seed3.pt,9.5280
int__tai50_15_04,50_15,v2_final_deepsets_1000ep_seed4.pt,9.4752
int__tai50_15_05,50_15,v2_final_deepsets_1000ep_seed2.pt,21.6312
int__tai50_15_05,50_15,v2_final_deepsets_1000ep_seed3.pt,18.1784
int__tai50_15_05,50_15,v2_final_deepsets_1000ep_seed4.pt,18.2531
int__tai50_15_06,50_15,v2_final_deepsets_1000ep_seed2.pt,13.1967
int__tai50_15_06,50_15,v2_final_deepsets_1000ep_seed3.pt,17.4218
int__tai50_15_06,50_15,v2_final_deepsets_1000ep_seed4.pt,12.5315
int__tai50_15_07,50_15,v2_final_deepsets_1000ep_seed2.pt,14.0503
int__tai50_15_07,50_15,v2_final_deepsets_1000ep_seed3.pt,20.1835
int__tai50_15_07,50_15,v2_final_deepsets_1000ep_seed4.pt,12.3174
int__tai50_15_08,50_15,v2_final_deepsets_1000ep_seed2.pt,15.2860
int__tai50_15_08,50_15,v2_final_deepsets_1000ep_seed3.pt,13.9515
int__tai50_15_08,50_15,v2_final_deepsets_1000ep_seed4.pt,14.2808
int__tai50_15_09,50_15,v2_final_deepsets_1000ep_seed2.pt,19.0584
int__tai50_15_09,50_15,v2_final_deepsets_1000ep_seed3.pt,21.5066
int__tai50_15_09,50_15,v2_final_deepsets_1000ep_seed4.pt,17.9096
int__tai50_15_10,50_15,v2_final_deepsets_1000ep_seed2.pt,14.8733
int__tai50_15_10,50_15,v2_final_deepsets_1000ep_seed3.pt,15.1304
int__tai50_15_10,50_15,v2_final_deepsets_1000ep_seed4.pt,12.8167
int__tai50_20_01,50_20,v2_final_deepsets_1000ep_seed2.pt,16.6667
int__tai50_20_01,50_20,v2_final_deepsets_1000ep_seed3.pt,21.4609
int__tai50_20_01,50_20,v2_final_deepsets_1000ep_seed4.pt,22.2978
int__tai50_20_02,50_20,v2_final_deepsets_1000ep_seed2.pt,17.8285
int__tai50_20_02,50_20,v2_final_deepsets_1000ep_seed3.pt,21.2618
int__tai50_20_02,50_20,v2_final_deepsets_1000ep_seed4.pt,24.4162
int__tai50_20_03,50_20,v2_final_deepsets_1000ep_seed2.pt,15.8802
int__tai50_20_03,50_20,v2_final_deepsets_1000ep_seed3.pt,19.0563
int__tai50_20_03,50_20,v2_final_deepsets_1000ep_seed4.pt,17.5499
int__tai50_20_04,50_20,v2_final_deepsets_1000ep_seed2.pt,17.1355
int__tai50_20_04,50_20,v2_final_deepsets_1000ep_seed3.pt,16.4138
int__tai50_20_04,50_20,v2_final_deepsets_1000ep_seed4.pt,18.9489
int__tai50_20_05,50_20,v2_final_deepsets_1000ep_seed2.pt,19.3394
int__tai50_20_05,50_20,v2_final_deepsets_1000ep_seed3.pt,22.0183
int__tai50_20_05,50_20,v2_final_deepsets_1000ep_seed4.pt,24.8257
int__tai50_20_06,50_20,v2_final_deepsets_1000ep_seed2.pt,16.3972
int__tai50_20_06,50_20,v2_final_deepsets_1000ep_seed3.pt,20.4745
int__tai50_20_06,50_20,v2_final_deepsets_1000ep_seed4.pt,21.0193
int__tai50_20_07,50_20,v2_final_deepsets_1000ep_seed2.pt,14.3009
int__tai50_20_07,50_20,v2_final_deepsets_1000ep_seed3.pt,21.6991
int__tai50_20_07,50_20,v2_final_deepsets_1000ep_seed4.pt,18.0177
int__tai50_20_08,50_20,v2_final_deepsets_1000ep_seed2.pt,13.3621
int__tai50_20_08,50_20,v2_final_deepsets_1000ep_seed3.pt,16.4152
int__tai50_20_08,50_20,v2_final_deepsets_1000ep_seed4.pt,14.9066
int__tai50_20_09,50_20,v2_final_deepsets_1000ep_seed2.pt,16.7861
int__tai50_20_09,50_20,v2_final_deepsets_1000ep_seed3.pt,17.1605
int__tai50_20_09,50_20,v2_final_deepsets_1000ep_seed4.pt,14.5392
int__tai50_20_10,50_20,v2_final_deepsets_1000ep_seed2.pt,18.4474
int__tai50_20_10,50_20,v2_final_deepsets_1000ep_seed3.pt,25.4591
int__tai50_20_10,50_20,v2_final_deepsets_1000ep_seed4.pt,21.3689
